ID,Make,Model,Make_Year,Color,Body_Type,kilometers_run,No_of_Owners,Seating_Capacity,Fuel_Type,Fuel_Tank_Capacity(L),CC_Displacement,Transmission,Transmission_Type,Power(BHP),Torque(Nm),kilometer_at_liter,Price
0,15,83,2017,12,1,44611.0,1,5,1,45,1498,7,2,109.0,250.0,21.66,7300.0
1,4,29,2016,11,5,20305.0,1,5,2,45,1197,5,1,82.0,115.0,17.19,7577.777777777777
2,3,13,2019,13,2,29540.0,2,5,2,40,1199,5,1,88.5,110.0,16.5,8811.111111111111
3,11,63,2017,4,4,35680.0,1,5,2,28,999,5,1,67.0,91.0,21.7,4600.0
4,4,18,2017,9,4,25126.0,1,5,2,43,1197,5,1,81.86,113.75,18.9,5722.222222222223
5,4,15,2016,11,4,52261.0,1,5,2,45,1197,5,1,81.83,114.7,18.6,6711.111111111111
6,3,9,2012,7,4,28108.0,2,5,2,35,1198,5,1,86.8,109.0,19.4,3511.1111111111118
7,13,70,2019,7,2,92603.0,1,5,1,50,1956,6,2,138.0,350.0,17.0,15766.666666666666
8,4,19,2021,3,4,16304.0,1,5,2,37,1197,5,1,81.86,113.75,20.07,7888.888888888889
9,11,63,2019,4,4,26350.0,2,5,2,28,999,5,1,67.0,91.0,22.0,4355.555555555556
10,11,66,2020,14,3,35400.0,1,7,2,40,999,5,1,71.0,96.0,20.0,6811.111111111111
11,0,1,2013,13,1,71450.0,1,5,1,60,1991,6,2,164.0,380.0,17.0,6644.444444444444
12,4,23,2019,7,2,32395.0,1,5,2,45,998,7,2,118.35,171.6,18.15,10766.666666666666
13,13,75,2021,7,2,15059.0,1,7,1,50,1956,6,2,167.67,350.0,17.0,23333.33333333333
14,9,53,2019,13,4,31994.0,1,5,2,37,1197,5,1,81.8,113.0,21.21,7400.0
15,14,82,2020,13,1,13768.0,1,5,2,42,1496,1,2,105.94,140.0,17.18,11544.444444444443
16,13,74,2022,1,2,3174.0,1,5,2,37,1199,5,1,84.0,113.0,18.9,9533.333333333334
17,11,61,2017,9,2,70137.0,1,5,1,50,1461,6,2,108.45,245.0,19.6,9555.555555555557
18,14,82,2018,13,1,35913.0,2,5,2,42,1496,6,2,105.94,140.0,17.18,7555.555555555556
19,4,15,2018,3,4,19056.0,1,5,2,45,1197,5,1,82.85,113.7,18.6,6944.444444444444
20,15,83,2017,5,1,32492.0,1,5,2,45,1198,5,1,73.75,110.0,17.0,6300.0
21,9,43,2014,14,4,22598.0,1,5,2,35,998,5,1,67.04,90.0,23.1,4122.222222222223
22,4,14,2019,7,2,85981.0,1,5,1,55,1582,6,2,126.0,260.0,15.8,11955.555555555557
23,14,80,2017,3,4,17791.0,1,5,2,45,1197,5,1,79.0,104.0,18.16,6522.222222222223
24,4,27,2016,13,4,26910.0,2,5,2,35,1197,5,1,78.9,111.8,20.36,4400.0
25,9,54,2014,3,1,28562.0,1,5,2,42,1197,5,1,85.8,114.0,19.1,6155.555555555556
26,4,24,2019,13,1,40345.0,1,5,2,43,1591,6,2,121.0,158.0,17.4,10933.333333333334
27,9,43,2019,7,4,19550.0,1,5,2,35,998,5,1,67.04,90.0,23.1,5633.333333333333
28,4,15,2017,11,4,54233.0,1,5,2,45,1197,5,1,81.83,114.7,18.6,6511.111111111111
29,9,42,2017,3,4,33113.0,1,5,2,37,1197,5,1,81.8,113.0,21.01,7100.0
30,9,41,2011,11,4,79565.0,1,5,2,35,998,5,1,67.1,90.0,20.92,2633.333333333333
31,3,8,2013,13,1,10651.0,1,5,2,35,1198,5,1,86.9,109.0,18.0,5955.555555555556
32,11,63,2020,4,4,27664.0,1,5,2,28,999,5,1,67.0,91.0,21.7,5066.666666666667
33,4,21,2021,11,4,13389.0,1,5,2,37,998,7,2,118.0,172.0,20.2,12300.0
34,4,15,2016,7,4,30797.0,2,5,2,45,1197,5,1,82.0,115.0,18.6,6344.444444444444
35,3,12,2015,7,3,48947.0,1,7,2,42,1497,5,1,118.0,145.0,17.3,6522.222222222223
36,3,8,2017,13,1,37315.0,1,5,2,35,1198,5,1,86.9,109.0,18.0,6988.888888888889
37,9,53,2022,12,4,11047.0,1,5,2,37,1197,5,1,81.8,113.0,21.21,7977.777777777777
38,4,27,2013,12,4,24858.0,1,5,2,35,1197,5,1,78.9,111.8,20.36,4400.0
39,4,23,2022,3,2,4839.0,1,5,2,45,1197,5,1,82.0,114.0,17.5,9744.444444444443
40,13,69,2020,6,4,16329.0,1,5,2,37,1199,5,1,84.82,113.0,19.05,8600.0
41,9,48,2018,11,4,57286.0,1,5,2,32,1197,5,1,81.8,113.0,20.89,6155.555555555556
42,13,74,2022,13,2,3679.0,1,5,2,37,1199,6,2,84.0,113.0,18.9,9211.111111111111
43,4,15,2014,13,4,96077.0,1,5,2,45,1197,5,1,81.83,114.7,18.6,5888.888888888889
44,9,41,2017,7,4,30406.0,1,5,2,35,998,5,1,67.0,90.0,24.07,4077.777777777778
45,4,18,2018,7,4,60873.0,1,5,2,43,1197,5,1,81.86,113.75,18.9,6111.111111111111
46,9,48,2018,3,4,24811.0,1,5,2,32,1197,5,1,81.8,113.0,20.89,7333.333333333333
47,4,21,2021,11,4,56275.0,1,5,2,37,998,7,2,118.0,172.0,20.2,11088.888888888889
48,4,24,2018,12,1,78981.0,1,5,1,43,1582,6,2,126.0,260.0,24.75,11244.444444444443
49,3,10,2021,12,1,7434.0,1,5,2,40,1498,7,2,119.35,145.0,17.0,17077.777777777777
50,4,21,2021,3,4,10730.0,1,5,2,37,1197,5,1,82.0,115.0,21.0,10088.888888888889
51,11,63,2019,4,4,21996.0,1,5,2,28,999,5,1,67.0,91.0,22.0,5644.444444444444
52,9,52,2019,3,4,3474.0,1,5,2,27,998,5,1,67.0,90.0,21.7,4633.333333333333
53,9,45,2017,5,1,64458.0,1,5,1,37,1248,5,1,74.0,190.0,28.4,8055.555555555556
54,4,21,2020,13,4,24360.0,1,5,2,37,998,6,2,118.0,172.0,20.2,10888.888888888889
55,8,35,2017,3,2,69939.0,1,7,1,60,1493,5,1,100.0,240.0,18.49,8844.444444444445
56,4,27,2016,12,4,35387.0,1,5,2,35,1197,5,1,68.0,99.08,19.81,4833.333333333333
57,9,42,2015,3,4,63035.0,2,5,2,37,1197,5,1,81.8,113.0,21.01,6155.555555555556
58,9,46,2020,12,3,26190.0,1,5,2,40,1197,5,1,72.42,98.0,16.11,5344.444444444444
59,9,53,2013,13,4,47013.0,1,5,2,42,1197,5,1,85.8,114.0,18.6,4911.111111111111
60,4,18,2019,7,4,11734.0,1,5,2,43,1197,5,1,81.86,113.75,18.9,5888.888888888889
61,9,45,2018,3,1,27902.0,1,5,2,37,1499,5,1,88.5,113.0,24.12,8433.333333333334
62,4,26,2015,3,1,66674.0,2,5,2,43,1197,5,1,81.0,114.0,19.1,5055.555555555556
63,13,70,2021,2,2,38143.0,1,5,1,50,1956,6,2,140.0,350.0,17.0,21911.11111111111
64,9,44,2021,7,1,13554.0,1,5,2,43,1462,4,2,103.25,138.0,20.0,12644.444444444443
65,13,69,2022,11,4,1540.0,1,5,2,37,1199,6,2,84.82,113.0,19.05,10222.222222222224
66,4,14,2021,2,2,12285.0,1,5,2,50,1353,7,2,138.0,242.2,16.8,19355.555555555555
67,9,42,2015,3,4,80408.0,1,5,2,37,1197,5,1,81.8,113.0,21.01,6311.111111111111
68,9,56,2016,13,4,83377.0,1,5,2,32,998,5,1,67.05,90.0,21.79,4655.555555555556
69,11,63,2020,4,4,21887.0,1,5,2,28,999,5,1,67.0,91.0,22.0,5288.888888888889
70,4,18,2019,7,4,40498.0,1,5,2,43,1197,5,1,81.86,113.75,18.9,6411.111111111111
71,4,20,2020,13,4,18065.0,1,5,2,35,1086,5,1,68.07,99.07,20.3,6011.111111111111
72,15,86,2016,7,1,70958.0,1,5,2,55,1197,7,2,103.0,175.0,18.19,8111.111111111111
73,13,70,2021,13,2,16090.0,1,5,1,50,1956,6,2,138.0,350.0,17.0,20833.33333333333
74,2,4,2015,7,2,55617.0,2,5,2,52,1499,6,2,109.0,140.0,16.5,6911.111111111111
75,4,24,2018,5,1,87773.0,1,5,1,43,1582,6,2,121.0,158.0,24.75,10411.111111111111
76,4,29,2016,5,5,54744.0,1,5,2,45,1197,5,1,82.0,115.0,17.19,6944.444444444444
77,4,18,2020,7,4,18915.0,2,5,2,43,1197,5,1,81.86,113.75,18.9,6766.666666666667
78,4,15,2016,13,4,97573.0,1,5,2,45,1197,5,1,82.0,115.0,18.6,6344.444444444444
79,11,63,2019,7,4,4776.0,1,5,2,28,799,5,1,53.3,72.0,25.17,4577.777777777777
80,4,29,2018,13,5,24676.0,2,5,2,45,1197,5,1,82.0,115.0,17.19,7088.888888888889
81,9,51,2018,3,2,52291.0,2,5,1,48,1248,5,1,89.0,200.0,23.65,8966.666666666666
82,4,15,2017,13,4,49775.0,2,5,2,45,1197,5,1,82.0,115.0,18.6,6555.555555555556
83,9,51,2017,5,2,83551.0,1,5,1,48,1248,5,1,89.0,200.0,23.65,7233.333333333333
84,4,29,2018,5,5,34075.0,2,5,2,45,1197,5,1,82.0,115.0,17.19,7711.111111111111
85,3,10,2020,5,1,14414.0,1,5,2,40,1498,6,2,119.35,145.0,18.4,15155.555555555557
86,2,4,2018,5,2,35796.0,1,5,2,52,1496,5,1,120.69,149.0,15.9,8700.0
87,9,53,2020,11,4,38199.0,2,5,2,37,1197,5,1,81.8,113.0,21.21,6977.777777777777
88,10,58,2021,12,2,8197.0,1,5,2,40,999,5,1,99.0,160.0,20.0,9833.333333333334
89,9,42,2018,7,4,27626.0,1,5,2,37,1197,1,2,81.8,113.0,19.56,8044.444444444444
90,4,26,2014,3,1,48106.0,1,5,2,43,1197,5,1,81.0,114.0,19.1,5222.222222222223
91,9,44,2021,7,1,12031.0,1,5,2,43,1499,5,1,103.25,138.0,20.65,12055.555555555557
92,9,43,2021,7,4,5992.0,1,5,2,35,998,5,1,67.04,90.0,21.63,6888.888888888889
93,15,85,2020,11,4,20427.0,1,5,2,45,999,5,1,75.1,95.0,17.74,7322.222222222223
94,13,69,2022,11,4,8560.0,1,5,2,37,1199,5,1,108.0,140.0,18.1,10588.888888888889
95,4,14,2019,11,2,58693.0,1,5,2,55,1591,6,2,121.3,151.0,15.8,13033.333333333334
96,9,52,2020,7,4,18282.0,1,5,2,27,998,5,1,67.0,90.0,21.7,5077.777777777777
97,9,52,2020,7,4,17214.0,1,5,2,27,998,5,1,67.0,90.0,21.7,5122.222222222223
98,9,53,2013,11,4,77692.0,1,5,1,43,1248,5,1,74.0,190.0,22.9,5233.333333333333
99,9,44,2020,13,1,10381.0,1,5,2,43,1462,5,1,103.25,138.0,20.65,10022.222222222224
100,3,13,2017,12,2,28831.0,1,5,2,40,1199,5,1,88.5,110.0,16.5,8788.888888888889
101,14,79,2014,7,1,72359.0,1,5,2,45,1496,5,1,90.0,132.0,17.57,5622.222222222223
102,9,45,2017,3,1,36922.0,2,5,2,37,1197,5,1,88.5,113.0,23.26,6600.0
103,4,27,2013,12,4,72356.0,1,5,2,35,1197,4,2,78.9,111.8,16.95,4022.222222222222
104,4,24,2018,13,1,55760.0,1,5,1,43,1582,6,2,121.0,158.0,24.75,10155.555555555557
105,4,15,2015,11,4,77836.0,1,5,2,45,1197,5,1,81.83,114.7,18.6,6044.444444444444
106,15,86,2014,12,1,68269.0,2,5,2,55,1598,5,1,103.2,153.0,16.09,5700.0
107,11,66,2020,14,3,62659.0,1,7,2,40,999,5,1,72.0,96.0,18.2,8188.888888888889
108,9,45,2018,5,1,59847.0,1,5,2,37,1197,5,1,88.5,113.0,23.26,7377.777777777777
109,4,24,2018,13,1,83607.0,1,5,1,43,1582,6,2,126.0,260.0,24.75,11411.111111111111
110,4,15,2015,12,4,33439.0,2,5,2,45,1197,5,1,81.83,114.7,18.6,6388.888888888889
111,3,13,2018,12,2,81799.0,1,5,1,40,1498,6,2,97.89,200.0,23.7,9355.555555555557
112,15,85,2019,12,4,30378.0,1,5,2,45,999,5,1,74.96,95.0,18.24,8244.444444444445
113,10,58,2022,11,2,5129.0,1,5,2,40,999,1,2,99.0,152.0,17.7,11900.0
114,4,23,2021,3,2,8873.0,1,5,2,45,998,6,2,118.35,171.6,18.27,11600.0
115,4,24,2014,3,1,78297.0,2,5,1,43,1582,4,2,126.0,260.0,17.0,7100.0
116,5,30,2017,13,2,50808.0,1,5,1,60,1956,6,2,170.0,350.0,16.3,18322.222222222223
117,9,40,2020,7,4,16384.0,1,5,2,35,796,5,1,47.3,69.0,22.05,4355.555555555556
118,13,76,2020,14,4,16123.0,1,5,2,35,1199,5,1,85.0,113.0,20.0,6955.555555555556
119,4,16,2016,11,4,47487.0,2,5,2,32,814,5,1,68.05,94.14,20.03,3555.555555555556
120,4,18,2019,7,4,25632.0,1,5,2,43,1197,5,1,81.86,113.75,18.9,6433.333333333333
121,15,83,2017,7,1,33269.0,1,5,2,45,1198,5,1,73.75,110.0,17.0,6755.555555555556
122,9,53,2018,11,4,73950.0,1,5,1,42,1248,5,1,74.0,190.0,25.2,8588.888888888889
123,11,64,2015,12,3,70520.0,1,8,1,50,1461,5,1,108.0,245.0,21.04,6833.333333333333
124,3,11,2015,13,4,50735.0,2,5,2,40,1199,5,1,88.51,110.0,16.6,5766.666666666667
125,13,74,2021,4,2,6491.0,1,5,2,37,1199,5,1,84.0,113.0,18.9,9655.555555555557
126,8,34,2019,2,2,42905.0,1,7,1,60,2179,6,2,138.13,320.0,16.36,15544.444444444443
127,0,0,2015,11,4,42222.0,1,5,1,35,936,5,1,57.0,150.0,25.44,3955.555555555556
128,2,4,2014,12,2,97902.0,1,5,1,52,1498,5,1,89.0,204.0,22.7,6244.444444444444
129,4,18,2018,7,4,16760.0,1,5,2,43,1197,5,1,81.86,113.75,18.9,5800.0
130,4,15,2019,11,4,24860.0,1,5,2,40,1197,5,1,81.86,117.0,18.6,7766.666666666667
131,4,18,2016,7,4,20685.0,1,5,2,43,1197,5,1,82.0,114.0,18.9,5666.666666666667
132,9,52,2021,11,4,2163.0,1,5,2,27,998,5,1,67.0,90.0,21.01,5688.888888888889
133,14,80,2018,13,4,18170.0,1,5,2,45,1197,5,1,79.0,104.0,18.16,7311.111111111111
134,3,9,2012,3,4,66699.0,1,5,2,35,1198,5,1,86.8,109.0,19.4,4100.0
135,9,44,2020,12,1,19958.0,1,5,2,43,1499,5,1,103.25,138.0,20.65,10733.333333333334
136,2,4,2021,12,2,15924.0,1,5,2,52,1496,5,1,120.69,149.0,15.9,10355.555555555557
137,4,16,2018,11,4,24428.0,1,5,2,32,814,5,1,68.05,94.14,20.03,4311.111111111111
138,14,79,2013,11,1,51187.0,1,5,2,45,1496,5,1,80.0,132.0,17.57,5433.333333333333
139,14,78,2016,2,1,47767.0,1,5,2,55,1798,6,2,138.0,173.0,16.7,10288.888888888889
140,7,32,2020,8,2,33433.0,1,5,2,60,1451,6,2,141.0,250.0,13.96,18988.88888888889
141,9,44,2020,13,1,40635.0,1,5,2,43,1499,5,1,103.25,138.0,20.65,11544.444444444443
142,7,32,2020,11,2,25835.0,1,5,2,60,1451,6,2,141.0,250.0,13.96,19666.666666666668
143,9,44,2020,7,1,30752.0,1,5,2,43,1462,4,2,103.25,138.0,20.0,12922.222222222224
144,3,10,2020,11,1,16332.0,1,5,2,40,1498,6,2,119.35,145.0,18.4,14988.888888888889
145,6,31,2020,9,2,20930.0,1,5,2,50,1353,7,2,138.0,242.0,16.8,18944.444444444445
146,2,5,2019,11,4,14499.0,1,5,1,40,1499,5,1,98.96,215.0,24.4,8211.111111111111
147,4,24,2014,7,1,72009.0,1,5,1,43,1582,6,2,126.0,260.0,17.0,6666.666666666667
148,4,23,2019,13,2,23164.0,1,5,2,45,998,6,2,118.35,171.6,18.27,11544.444444444443
149,9,44,2019,3,1,28618.0,1,5,2,43,1499,5,1,103.25,138.0,20.65,10555.555555555557
150,3,13,2017,11,2,88695.0,1,5,2,40,1199,5,1,88.5,110.0,16.5,8311.111111111111
151,9,45,2018,3,1,7858.0,1,5,2,37,1499,5,1,88.5,113.0,24.12,9111.111111111111
152,4,29,2016,11,5,88827.0,1,5,2,45,1197,5,1,82.0,115.0,17.19,7166.666666666667
153,13,77,2017,12,1,7697.0,1,5,2,44,1193,5,1,89.0,140.0,17.57,6333.333333333333
154,7,32,2020,2,2,31271.0,1,5,2,60,1451,6,2,141.0,250.0,13.96,19600.0
155,4,15,2018,11,4,17121.0,1,5,2,45,1197,5,1,82.0,115.0,18.6,7522.222222222223
156,4,17,2017,13,1,60287.0,1,5,2,43,1591,4,2,121.3,154.9,17.0,9300.0
157,7,32,2020,11,2,8265.0,1,5,2,60,1451,6,2,141.0,250.0,13.96,20288.88888888889
158,5,30,2017,11,2,43091.0,2,5,1,60,1956,6,2,170.0,350.0,17.1,14333.333333333334
159,5,30,2017,3,2,44503.0,1,5,1,60,1956,6,2,170.63,350.0,17.1,17322.222222222223
160,4,20,2020,3,4,17056.0,1,5,2,35,1086,5,1,68.07,99.07,20.3,5811.111111111111
161,9,51,2018,3,2,61922.0,1,5,1,48,1248,5,1,89.0,200.0,23.65,10466.666666666666
162,4,29,2017,12,5,60629.0,1,5,2,45,1197,5,1,82.0,115.0,17.19,8055.555555555556
163,4,29,2017,2,5,32602.0,1,5,2,45,1197,5,1,82.0,115.0,17.19,7900.0
164,2,4,2020,12,2,26116.0,1,5,2,52,1496,5,1,121.0,149.0,21.17,10822.222222222224
165,4,29,2016,5,5,90058.0,1,5,2,45,1197,5,1,82.0,115.0,17.19,6755.555555555556
166,4,27,2012,7,4,63676.0,1,5,2,35,1086,5,1,68.05,99.04,19.81,3033.333333333333
167,4,27,2011,7,4,43918.0,2,5,2,35,1197,4,2,78.9,111.8,16.95,3377.777777777778
168,9,40,2020,12,4,6301.0,1,5,2,35,796,5,1,47.3,69.0,22.05,4011.1111111111113
169,11,63,2017,7,4,29907.0,1,5,2,28,799,5,1,53.3,72.0,25.12,4055.555555555556
170,4,15,2016,13,4,41218.0,1,5,1,45,1396,6,2,89.0,220.0,22.54,6844.444444444444
171,9,47,2015,5,3,5475.0,1,7,2,45,1373,5,1,93.7,130.0,16.02,7666.666666666667
172,4,19,2022,3,4,4305.0,1,5,2,37,1197,5,1,81.86,113.75,20.07,8322.222222222223
173,2,4,2017,4,2,43112.0,1,5,1,52,1498,5,1,99.0,205.0,22.7,6877.777777777777
174,15,85,2015,7,4,53807.0,1,5,1,45,1498,5,1,88.0,230.0,20.18,6077.777777777777
175,4,15,2015,12,4,37837.0,1,5,2,45,1197,5,1,82.0,115.0,18.6,6433.333333333333
176,11,66,2019,13,3,11074.0,1,7,2,40,999,5,1,71.0,96.0,20.0,7622.222222222223
177,9,42,2017,3,4,15748.0,1,5,2,37,1197,5,1,81.8,113.0,21.01,7544.444444444444
178,9,50,2015,11,4,14593.0,1,5,2,43,1197,5,1,85.0,113.0,18.5,4444.444444444444
179,9,44,2015,13,1,30228.0,1,5,2,43,1373,4,2,91.0,130.0,19.12,6800.0
180,7,33,2020,2,2,44897.0,1,6,2,60,1451,6,2,141.0,250.0,11.67,18266.666666666668
181,9,56,2013,7,4,55995.0,1,5,2,35,998,5,1,67.1,90.0,18.9,3800.0
182,13,69,2021,7,4,9936.0,1,5,2,37,1199,5,1,84.82,113.0,19.05,8777.777777777777
183,4,16,2017,11,4,18790.0,1,5,2,32,814,5,1,68.05,94.14,20.03,4000.0
184,9,40,2015,11,4,64323.0,1,5,2,35,796,5,1,47.3,69.0,22.74,3066.6666666666665
185,4,27,2013,11,4,32849.0,1,5,2,35,1197,5,1,78.9,111.7,20.36,3911.1111111111113
186,9,40,2020,11,4,22777.0,1,5,2,35,796,5,1,47.33,69.0,22.05,4033.3333333333335
187,4,27,2013,13,4,37652.0,1,5,2,35,1086,5,1,68.05,99.04,19.81,3700.0
188,4,15,2016,11,4,93446.0,1,5,1,45,1396,6,2,88.73,219.7,22.54,6544.444444444444
189,11,62,2022,3,2,11031.0,1,5,2,40,999,5,1,71.0,96.0,19.17,8166.666666666667
190,9,53,2021,13,4,9752.0,1,5,2,37,1197,5,1,81.8,113.0,21.21,8777.777777777777
191,9,55,2019,11,2,15418.0,1,5,1,48,1248,5,1,89.0,200.0,24.3,12411.111111111111
192,9,53,2020,7,4,8249.0,1,5,2,37,1197,5,1,81.8,113.0,21.21,7333.333333333333
193,4,19,2021,3,4,10514.0,1,5,2,37,1197,5,1,81.86,113.75,20.7,7533.333333333333
194,3,10,2019,12,1,24136.0,2,5,2,40,1497,5,1,117.6,145.0,17.4,9522.222222222224
195,11,63,2019,3,4,18638.0,1,5,2,28,999,5,1,67.0,91.0,22.0,5366.666666666667
196,4,16,2013,11,4,93653.0,2,5,2,32,814,5,1,68.05,94.14,20.03,2755.555555555556
197,5,30,2017,2,2,60049.0,1,5,1,60,1956,6,2,170.0,350.0,17.1,16666.666666666668
198,9,45,2019,5,1,31330.0,2,5,2,37,1499,5,1,88.5,113.0,24.12,8433.333333333334
199,4,27,2012,11,4,49014.0,2,5,2,35,1197,5,1,78.9,111.7,20.36,3733.3333333333335
200,9,44,2015,12,1,56221.0,1,5,2,43,1373,5,1,91.1,130.0,20.73,7522.222222222223
201,9,42,2017,3,4,20894.0,1,5,2,37,1197,5,1,81.8,113.0,21.01,7900.0
202,4,14,2016,7,2,88735.0,2,5,1,60,1596,6,1,126.0,265.0,17.01,12211.111111111111
203,4,14,2016,7,2,88735.0,2,5,1,60,1596,6,1,126.0,265.0,17.01,12211.111111111111
204,4,14,2016,7,2,88735.0,2,5,1,60,1582,6,1,126.0,265.0,17.01,12211.111111111111
205,4,14,2016,7,2,88735.0,2,5,1,60,1582,6,1,126.0,265.0,17.01,12211.111111111111
206,11,62,2021,13,2,9034.0,1,5,2,40,1298,5,2,99.0,152.0,20.53,11977.777777777776
207,9,43,2014,12,4,63746.0,3,5,2,35,998,5,2,67.04,90.0,23.1,3866.6666666666665
208,4,15,2016,13,4,85602.0,1,5,2,45,1197,5,1,81.83,114.7,18.6,7322.222222222223
209,4,24,2013,10,1,59054.0,2,5,2,43,1591,5,2,121.0,158.0,17.01,5566.666666666667
210,11,61,2017,13,2,50811.0,1,5,1,50,1461,6,1,108.45,245.0,19.6,11255.555555555557
211,6,31,2020,12,2,38198.0,1,5,2,50,1353,7,1,138.0,242.0,16.8,19344.444444444445
212,9,44,2018,12,1,92118.0,1,5,2,43,1373,4,1,91.1,130.0,20.73,9211.111111111111
213,4,26,2014,13,1,72801.0,1,5,2,43,1197,5,1,82.0,114.0,19.1,5511.111111111111
214,4,16,2014,7,4,38592.0,2,5,2,32,1798,5,1,55.2,74.5,21.1,2988.8888888888887
215,3,10,2019,5,1,22379.0,1,5,2,40,1497,5,1,117.6,145.0,17.4,10300.0
216,9,56,2016,12,4,44822.0,2,5,2,32,998,5,1,67.05,90.0,21.79,5011.111111111111
217,11,63,2021,13,4,13069.0,1,5,2,28,1298,5,2,67.0,91.0,22.0,5911.111111111111
218,9,56,2011,5,4,96939.0,1,5,2,35,998,5,1,67.1,90.0,18.9,3755.555555555556
219,8,37,2015,12,2,71397.0,2,7,1,70,2179,6,1,140.0,330.0,16.0,11466.666666666666
220,4,20,2019,1,4,21903.0,1,5,2,35,1086,5,1,68.07,99.07,20.3,6188.888888888889
221,4,18,2020,7,4,9468.0,1,5,2,43,1197,5,2,81.86,113.75,18.9,7255.555555555556
222,3,10,2018,5,1,60209.0,1,5,2,40,1497,5,1,117.6,145.0,17.4,9977.777777777776
223,11,61,2016,9,2,69658.0,1,5,1,50,1461,6,1,108.45,245.0,19.6,10133.333333333334
224,4,15,2015,13,4,81103.0,1,5,1,45,1396,6,1,88.73,219.7,22.54,7133.333333333333
225,11,66,2020,3,3,57503.0,1,7,2,40,999,5,1,71.0,96.0,20.0,7233.333333333333
226,9,43,2018,12,4,45560.0,1,5,2,35,998,5,2,67.0,90.0,23.1,5588.888888888889
227,9,38,2012,12,4,45008.0,2,5,2,35,998,4,2,67.0,90.0,16.98,3666.6666666666665
228,9,53,2011,7,4,51210.0,2,5,2,43,1197,5,1,85.0,113.0,16.1,4388.888888888889
229,4,14,2017,12,2,44894.0,1,5,1,60,1582,6,1,126.0,265.0,17.01,13722.222222222224
230,9,51,2015,13,2,39515.0,1,5,1,48,1248,5,2,89.0,200.0,23.65,8977.777777777777
231,4,18,2015,12,4,54287.0,1,5,2,43,1197,5,1,82.0,114.0,18.9,5088.888888888889
232,4,24,2013,13,1,91039.0,1,5,2,43,1591,5,2,121.0,158.0,17.01,5711.111111111111
233,3,8,2015,7,1,49435.0,1,5,2,35,1198,5,1,86.7,109.0,18.0,5688.888888888889
234,12,68,2019,2,1,9686.0,1,5,2,66,1798,7,2,177.0,250.0,14.67,32677.777777777777
235,3,10,2021,13,1,12092.0,1,5,2,40,1498,6,1,119.3,145.0,18.4,14955.555555555557
236,9,42,2019,3,4,27053.0,1,5,2,37,1596,5,1,81.8,113.0,21.01,9377.777777777776
237,9,42,2019,3,4,27053.0,1,5,2,37,1596,5,1,81.8,113.0,21.01,9377.777777777776
238,9,42,2019,3,4,27053.0,1,5,2,37,1197,5,1,81.8,113.0,21.01,9377.777777777776
239,9,42,2019,3,4,27053.0,1,5,2,37,1197,5,1,81.8,113.0,21.01,9377.777777777776
240,9,45,2017,3,1,28833.0,1,5,2,37,1696,5,2,88.5,113.0,24.12,8766.666666666666
241,3,11,2016,11,4,48606.0,2,5,2,40,1199,5,1,88.51,110.0,16.6,6333.333333333333
242,9,42,2016,11,4,96236.0,1,5,2,37,1197,5,1,81.8,113.0,21.01,7100.0
243,9,54,2012,12,1,37258.0,1,5,2,42,1197,5,1,85.8,114.0,19.1,5222.222222222223
244,9,43,2014,12,4,33869.0,1,5,2,35,998,5,2,67.04,90.0,23.1,5044.444444444444
245,9,47,2013,12,3,91796.0,1,7,2,45,1373,5,1,93.7,130.0,16.02,6866.666666666667
246,13,76,2019,7,4,45607.0,1,5,2,35,1199,5,2,84.0,114.0,23.84,6088.888888888889
247,4,19,2021,7,4,1117.0,1,5,2,37,1197,5,1,81.86,113.75,20.7,7888.888888888889
248,4,18,2018,3,4,24745.0,1,5,2,43,1197,5,2,81.86,113.75,18.9,6900.0
249,4,14,2017,11,2,66868.0,1,5,1,60,1596,6,1,126.0,265.0,17.01,14333.333333333334
250,4,14,2017,11,2,66868.0,1,5,1,60,1596,6,1,126.0,265.0,17.01,14333.333333333334
251,4,14,2017,11,2,66868.0,1,5,1,60,1582,6,1,126.0,265.0,17.01,14333.333333333334
252,4,14,2017,11,2,66868.0,1,5,1,60,1582,6,1,126.0,265.0,17.01,14333.333333333334
253,3,13,2017,11,2,75639.0,1,5,2,40,1199,5,1,88.5,110.0,16.5,8311.111111111111
254,0,0,2013,3,4,77022.0,1,5,1,35,936,5,1,58.0,150.0,25.44,2966.6666666666665
255,11,63,2018,4,4,56387.0,1,5,2,28,799,5,1,53.3,72.0,25.17,4088.8888888888887
256,4,23,2019,11,2,23724.0,1,5,2,45,998,7,1,118.35,171.6,18.15,12633.333333333334
257,9,43,2022,7,4,6900.0,1,5,2,35,998,5,1,67.04,90.0,21.63,7766.666666666667
258,9,43,2017,7,4,43785.0,1,5,2,35,998,5,2,67.04,90.0,23.1,6044.444444444444
259,3,8,2019,13,1,29780.0,1,5,1,35,1199,5,1,79.0,160.0,21.0,10911.111111111111
260,9,42,2015,3,4,56207.0,1,5,2,37,1197,5,1,81.8,113.0,21.01,6788.888888888889
261,9,55,2016,14,2,40003.0,1,5,1,48,1248,5,2,88.5,200.0,24.3,10455.555555555557
262,4,28,2014,12,4,94315.0,1,5,2,45,1197,5,1,82.85,113.7,18.5,5933.333333333333
263,9,43,2018,7,4,29492.0,1,5,2,35,998,5,2,67.04,90.0,23.1,6488.888888888889
264,9,44,2017,7,1,21365.0,1,5,2,43,1373,5,1,91.1,130.0,20.73,9188.888888888889
265,2,5,2019,11,4,31262.0,1,5,1,40,1596,5,1,98.96,215.0,24.4,7566.666666666667
266,2,5,2019,11,4,31262.0,1,5,1,40,1596,5,1,98.96,215.0,24.4,7566.666666666667
267,2,5,2019,11,4,31262.0,1,5,1,40,1499,5,1,98.96,215.0,24.4,7566.666666666667
268,2,5,2019,11,4,31262.0,1,5,1,40,1499,5,1,98.96,215.0,24.4,7566.666666666667
269,3,11,2017,11,4,56221.0,1,5,2,40,1199,5,2,88.7,110.0,18.7,6444.444444444444
270,4,19,2021,7,4,27185.0,1,5,2,37,1197,5,1,81.86,113.75,20.07,8288.888888888889
271,3,8,2014,11,1,63170.0,2,5,2,35,1198,5,1,86.9,109.0,18.0,5022.222222222223
272,13,72,2015,10,4,44736.0,1,5,2,24,624,4,1,37.0,51.0,23.6,2655.555555555556
273,11,63,2019,7,4,13111.0,1,5,2,28,999,5,1,67.0,91.0,23.01,5033.333333333333
274,2,5,2016,7,4,83705.0,1,5,1,40,1498,5,1,99.0,215.0,25.83,5788.888888888889
275,11,66,2021,13,3,7227.0,1,7,2,40,999,5,1,71.0,96.0,20.0,8666.666666666666
276,4,24,2014,13,1,45880.0,1,5,2,43,1582,5,2,121.0,158.0,17.01,7711.111111111111
277,9,44,2015,13,1,36850.0,1,5,2,43,1373,5,1,91.1,130.0,20.73,7755.555555555556
278,9,53,2011,12,4,53160.0,1,5,2,43,1197,5,1,85.0,113.0,16.1,4733.333333333333
279,3,10,2021,13,1,17790.0,1,5,2,40,1497,5,1,117.6,145.0,17.4,10988.888888888889
280,3,10,2020,13,1,24218.0,1,5,2,40,1497,5,1,117.6,145.0,17.4,10444.444444444443
281,4,18,2017,11,4,11304.0,1,5,2,43,1197,5,2,81.86,113.75,18.9,6177.777777777777
282,13,69,2021,7,4,12002.0,1,5,1,37,1497,5,1,89.0,200.0,23.0,8722.222222222223
283,8,36,2020,2,2,61411.0,1,5,1,42,1497,6,1,115.0,300.0,20.0,11966.666666666666
284,4,18,2014,7,4,35703.0,1,5,2,43,1197,5,1,82.0,114.0,18.9,5155.555555555556
285,4,26,2017,7,1,45378.0,1,5,2,43,1596,5,1,81.86,113.75,20.14,6544.444444444444
286,4,26,2017,7,1,45378.0,1,5,2,43,1596,5,1,81.86,113.75,20.14,6544.444444444444
287,4,26,2017,7,1,45378.0,1,5,2,43,1197,5,1,81.86,113.75,20.14,6544.444444444444
288,4,26,2017,7,1,45378.0,1,5,2,43,1197,5,1,81.86,113.75,20.14,6544.444444444444
289,4,18,2018,7,4,28557.0,2,5,2,43,1197,5,2,81.86,113.75,18.9,6377.777777777777
290,9,43,2021,13,4,14853.0,1,5,2,35,998,5,1,67.04,90.0,21.63,7277.777777777777
291,9,44,2020,12,1,70245.0,1,5,2,43,1462,5,1,103.25,138.0,20.65,10222.222222222224
292,9,46,2020,7,3,22703.0,1,5,2,40,1197,5,1,72.42,98.0,16.11,5422.222222222223
293,11,63,2020,3,4,36069.0,1,5,2,28,1298,5,2,67.0,91.0,22.0,6088.888888888889
294,9,56,2016,12,4,5227.0,1,5,2,32,998,5,1,67.05,90.0,21.79,5866.666666666667
295,9,43,2017,7,4,27803.0,1,5,2,35,998,5,2,67.04,90.0,23.1,5855.555555555556
296,3,10,2017,13,1,47154.0,1,5,2,40,1497,5,2,117.6,145.0,17.4,10577.777777777776
297,3,9,2012,12,4,84488.0,1,5,2,35,1198,5,1,86.8,109.0,19.4,3777.777777777778
298,15,84,2014,5,1,83265.0,2,5,1,55,1596,5,1,138.0,320.0,19.33,8777.777777777777
299,15,84,2014,5,1,83265.0,2,5,1,55,1596,5,1,138.0,320.0,19.33,8777.777777777777
300,15,84,2014,5,1,83265.0,2,5,1,55,1968,5,1,138.0,320.0,19.33,8777.777777777777
301,15,84,2014,5,1,83265.0,2,5,1,55,1968,5,1,138.0,320.0,19.33,8777.777777777777
302,3,8,2018,5,1,16348.0,1,5,2,35,1199,5,1,88.76,110.0,18.3,8500.0
303,4,28,2012,13,4,90078.0,1,5,2,45,1197,5,1,82.85,113.0,18.5,4666.666666666667
304,3,13,2018,7,2,69591.0,3,5,1,40,1498,6,1,97.89,200.0,23.7,8888.888888888889
305,4,28,2013,3,4,56096.0,1,5,2,45,1197,5,1,82.85,113.0,18.5,5400.0
306,8,37,2017,13,2,56418.0,1,7,1,70,2179,6,1,140.0,330.0,16.0,16277.777777777776
307,4,27,2012,7,4,65284.0,1,5,2,35,1197,5,1,78.9,111.7,20.36,3866.6666666666665
308,0,1,2015,7,1,72489.0,1,5,1,60,1991,6,2,164.0,380.0,14.81,9911.111111111111
309,15,85,2011,12,4,68645.0,2,5,2,45,1198,5,1,73.9,110.0,16.47,5011.111111111111
310,4,16,2018,3,4,33231.0,2,5,2,32,814,5,1,68.05,94.14,20.03,4477.777777777777
311,4,27,2011,1,4,43953.0,1,5,2,35,1197,5,1,78.9,111.7,20.36,3755.555555555556
312,2,4,2016,7,2,36422.0,1,5,2,52,1499,6,2,110.0,140.0,16.5,8955.555555555555
313,9,44,2015,11,1,78251.0,1,5,2,43,1373,5,1,91.1,130.0,20.73,7044.444444444444
314,4,15,2016,11,4,48481.0,1,5,2,45,1197,5,1,81.83,114.7,18.6,7266.666666666667
315,9,44,2018,3,1,37746.0,1,5,2,43,1373,4,1,91.1,130.0,20.73,9800.0
316,4,14,2017,12,2,50872.0,1,5,2,60,1591,6,1,122.0,154.0,15.29,13288.888888888889
317,4,15,2015,7,4,25517.0,1,5,2,45,1197,5,1,81.83,114.7,18.6,7433.333333333333
318,2,4,2014,12,2,74814.0,2,5,2,52,1499,5,1,109.0,140.0,15.8,6544.444444444444
319,13,70,2020,11,2,24315.0,1,5,1,50,1956,6,1,138.0,350.0,17.0,21244.444444444445
320,4,15,2017,3,4,63937.0,1,5,2,45,1197,5,1,81.83,114.7,18.6,6977.777777777777
321,9,45,2019,13,1,11499.0,1,5,2,37,1197,5,2,88.5,113.0,23.26,9022.222222222224
322,9,44,2018,13,1,15221.0,1,5,2,43,1462,4,1,103.25,138.0,20.65,10155.555555555557
323,8,34,2017,2,2,46438.0,1,7,1,60,2179,5,1,120.0,280.0,15.4,12355.555555555557
324,9,42,2018,9,4,27941.0,1,5,1,37,1248,5,1,74.0,190.0,27.39,9000.0
325,4,18,2014,7,4,35461.0,2,5,2,43,1197,4,2,82.0,114.0,18.9,5888.888888888889
326,9,50,2012,13,4,46447.0,1,5,1,43,1248,5,1,75.0,190.0,15.6,5055.555555555556
327,9,54,2013,7,1,74652.0,1,5,2,42,1197,5,1,85.8,114.0,19.1,5533.333333333333
328,9,56,2013,1,4,44746.0,1,5,2,35,998,5,1,67.1,90.0,18.9,4477.777777777777
329,4,27,2014,7,4,92092.0,1,5,2,35,1197,5,1,68.0,99.08,19.81,4222.222222222223
330,14,82,2020,11,1,26653.0,2,5,2,42,1596,5,1,105.94,140.0,18.1,12133.333333333334
331,14,82,2020,11,1,26653.0,2,5,2,42,1596,5,1,105.94,140.0,18.1,12133.333333333334
332,14,82,2020,11,1,26653.0,2,5,2,42,1496,5,1,105.94,140.0,18.1,12133.333333333334
333,14,82,2020,11,1,26653.0,2,5,2,42,1496,5,1,105.94,140.0,18.1,12133.333333333334
334,4,18,2014,3,4,58748.0,2,5,2,43,1197,5,1,82.0,114.0,18.9,5077.777777777777
335,4,14,2016,1,2,90147.0,1,5,2,60,1591,6,1,122.0,154.0,15.29,9033.333333333334
336,4,17,2017,7,1,25905.0,1,5,2,43,1591,5,1,121.0,158.0,17.4,9111.111111111111
337,4,26,2014,2,1,76890.0,1,5,2,43,1197,5,1,82.0,114.0,19.1,5577.777777777777
338,9,40,2020,12,4,32490.0,1,5,2,35,796,5,1,47.3,69.0,22.05,4600.0
339,9,40,2019,11,4,13505.0,1,5,2,35,796,5,1,47.3,69.0,24.7,4344.444444444444
340,9,40,2021,12,4,21564.0,1,5,2,35,796,5,1,47.33,69.0,22.05,4811.111111111111
341,9,40,2018,7,4,22849.0,1,5,2,35,796,5,1,47.3,69.0,22.0,4133.333333333333
342,9,41,2016,13,4,24374.0,1,5,2,35,998,5,1,67.0,90.0,24.07,4266.666666666667
343,4,15,2018,13,4,31912.0,1,5,2,45,1197,5,1,81.83,114.7,18.6,8711.111111111111
344,4,14,2016,11,2,60578.0,1,5,2,60,1591,6,1,122.0,154.0,15.29,10788.888888888889
345,4,15,2016,11,4,95065.0,1,5,2,45,1197,5,1,82.0,115.0,18.6,7277.777777777777
346,11,63,2022,13,4,7342.0,1,5,2,28,1298,5,2,67.0,91.0,22.0,5988.888888888889
347,11,63,2021,3,4,9285.0,1,5,2,28,1298,5,2,67.0,91.0,21.7,5222.222222222223
348,4,15,2017,7,4,41443.0,1,5,1,45,1396,6,1,88.73,219.7,22.54,8777.777777777777
349,9,43,2015,12,4,53848.0,2,5,2,35,998,5,2,67.04,90.0,23.1,4611.111111111111
350,9,50,2012,12,4,70568.0,2,5,2,45,1197,5,1,85.0,113.0,18.5,4088.8888888888887
351,9,54,2012,2,1,61885.0,1,5,2,42,1197,5,1,85.8,114.0,19.1,5077.777777777777
352,3,13,2019,7,2,16240.0,1,5,2,40,1199,5,1,88.5,110.0,16.5,9933.333333333334
353,4,27,2011,11,4,62840.0,1,5,2,35,1197,5,1,78.9,111.8,20.36,3755.555555555556
354,4,27,2011,7,4,74710.0,2,5,2,35,1197,5,1,78.9,111.8,20.36,3800.0
355,11,61,2021,7,2,19722.0,1,5,2,50,1498,5,1,104.55,142.0,16.42,10955.555555555557
356,11,61,2014,12,2,85751.0,1,5,1,50,1461,5,1,84.0,200.0,20.45,7077.777777777777
357,4,15,2016,13,4,73251.0,1,5,1,45,1396,6,1,89.0,220.0,22.54,7644.444444444444
358,4,15,2018,9,4,44188.0,1,5,1,45,1396,6,2,89.0,220.0,22.54,9066.666666666666
359,2,5,2019,11,4,45590.0,1,5,1,40,1596,5,1,98.96,215.0,24.4,7155.555555555556
360,2,5,2019,11,4,45590.0,1,5,1,40,1596,5,1,98.96,215.0,24.4,7155.555555555556
361,2,5,2019,11,4,45590.0,1,5,1,40,1499,5,1,98.96,215.0,24.4,7155.555555555556
362,2,5,2019,11,4,45590.0,1,5,1,40,1499,5,1,98.96,215.0,24.4,7155.555555555556
363,4,14,2016,3,2,97039.0,1,5,1,60,1596,6,1,126.0,265.0,17.01,12066.666666666666
364,4,14,2016,3,2,97039.0,1,5,1,60,1596,6,1,126.0,265.0,17.01,12066.666666666666
365,4,14,2016,3,2,97039.0,1,5,1,60,1582,6,1,126.0,265.0,17.01,12066.666666666666
366,4,14,2016,3,2,97039.0,1,5,1,60,1582,6,1,126.0,265.0,17.01,12066.666666666666
367,4,15,2016,12,4,14359.0,1,5,2,45,1197,5,1,81.83,114.7,18.6,7488.888888888889
368,4,16,2018,13,4,48670.0,2,5,2,32,814,5,1,55.2,74.5,21.1,3888.8888888888887
369,4,14,2018,11,2,70015.0,1,5,2,55,1591,6,2,121.3,151.0,15.8,13477.777777777776
370,9,41,2011,12,4,41517.0,2,5,2,35,998,5,1,67.1,90.0,20.92,3055.555555555556
371,9,52,2021,7,4,14818.0,1,5,2,27,998,5,1,67.0,90.0,21.01,5922.222222222223
372,3,10,2017,5,1,46935.0,1,5,2,40,1497,5,1,117.6,145.0,17.4,9155.555555555557
373,4,15,2020,13,4,30590.0,1,5,2,40,1197,5,2,81.86,117.0,18.6,8944.444444444445
374,4,14,2017,2,2,62805.0,1,5,2,60,1591,6,1,122.0,154.0,15.29,12200.0
375,9,44,2017,7,1,47123.0,1,5,2,43,1373,5,1,91.1,130.0,20.73,8833.333333333334
376,9,41,2019,12,4,50437.0,2,5,2,35,998,5,1,67.0,90.0,24.07,4511.111111111111
377,9,45,2017,3,1,49930.0,1,5,2,37,1696,5,2,88.5,113.0,24.12,8000.0
378,2,4,2016,3,2,46485.0,1,5,2,52,1298,5,2,124.0,170.0,18.9,8133.333333333333
379,9,43,2014,13,4,76306.0,1,5,2,35,998,5,2,67.04,90.0,23.1,4511.111111111111
380,4,15,2015,3,4,80743.0,1,5,2,45,1197,5,1,81.83,114.7,18.6,6911.111111111111
381,4,15,2018,11,4,54836.0,1,5,2,45,1197,5,2,82.0,115.0,18.6,8244.444444444445
382,9,45,2018,3,1,32170.0,1,5,2,37,1197,5,2,88.5,113.0,24.12,7766.666666666667
383,14,79,2011,2,1,62193.0,1,5,2,45,1496,5,1,80.0,132.0,17.57,4733.333333333333
384,4,16,2012,3,4,40097.0,1,5,2,32,814,5,1,55.2,74.5,21.1,3155.555555555556
385,3,8,2015,13,1,44188.0,1,5,2,35,1198,5,1,86.9,109.0,18.0,6377.777777777777
386,4,15,2017,11,4,86163.0,2,5,1,45,1396,6,1,88.73,219.7,22.54,7766.666666666667
387,4,15,2016,11,4,50229.0,1,5,2,45,1197,5,1,81.83,114.7,18.6,6722.222222222223
388,9,51,2020,3,2,20156.0,1,5,2,48,1462,5,1,103.25,138.0,18.55,12266.666666666666
389,4,27,2016,12,4,29122.0,1,5,2,35,1197,5,1,78.9,111.8,20.36,5011.111111111111
390,4,15,2016,13,4,71532.0,2,5,2,45,1197,5,1,82.0,115.0,18.6,7033.333333333333
391,7,32,2020,13,2,36581.0,1,5,1,60,1596,5,1,167.68,350.0,17.41,20533.33333333333
392,7,32,2020,13,2,36581.0,1,5,1,60,1596,5,1,167.68,350.0,17.41,20533.33333333333
393,7,32,2020,13,2,36581.0,1,5,1,60,1956,6,1,167.68,350.0,17.41,20533.33333333333
394,7,32,2020,13,2,36581.0,1,5,1,60,1956,6,1,167.68,350.0,17.41,20533.33333333333
395,4,14,2016,11,2,37702.0,2,5,2,60,1591,6,1,122.0,154.0,15.29,10477.777777777776
396,4,15,2018,11,4,30876.0,1,5,2,45,1197,5,2,82.0,115.0,18.6,7877.777777777777
397,15,85,2011,13,4,92227.0,2,5,2,45,1199,5,1,74.0,110.0,16.2,4466.666666666667
398,15,83,2017,7,1,24747.0,1,5,2,45,1298,5,2,73.75,110.0,17.0,7177.777777777777
399,4,27,2013,13,4,26671.0,2,5,2,35,1086,5,1,68.05,99.04,19.81,3711.1111111111113
400,9,53,2013,11,4,84739.0,1,5,1,43,1248,5,1,74.0,190.0,22.9,5511.111111111111
401,15,85,2017,12,4,90423.0,1,5,1,45,1498,5,1,88.0,230.0,20.18,8166.666666666667
402,9,50,2015,5,4,40632.0,1,5,2,43,1197,5,1,85.0,113.0,18.5,5411.111111111111
403,9,50,2013,12,4,59010.0,1,5,2,43,1197,5,1,85.0,113.0,18.5,4555.555555555556
404,4,15,2018,11,4,24732.0,1,5,2,45,1197,5,2,82.0,115.0,18.6,8511.111111111111
405,6,31,2020,11,2,14077.0,1,5,2,50,1353,6,1,138.0,242.0,16.1,18300.0
406,4,16,2013,3,4,19600.0,1,5,2,32,814,5,1,55.2,74.5,21.1,3455.555555555556
407,4,27,2015,12,4,25413.0,2,5,2,35,1197,5,1,68.0,99.08,19.81,4344.444444444444
408,4,17,2017,12,1,95862.0,1,5,1,43,1582,6,1,126.0,260.0,24.8,9666.666666666666
409,9,56,2012,3,4,53015.0,2,5,2,35,998,5,1,67.1,90.0,18.9,3588.8888888888887
410,3,11,2015,8,4,63279.0,1,5,2,40,1199,5,1,88.51,110.0,16.6,6644.444444444444
411,4,26,2017,7,1,73591.0,1,5,2,43,1197,5,1,81.86,113.75,20.14,6544.444444444444
412,9,43,2017,13,4,79503.0,1,5,2,35,998,5,2,67.04,90.0,23.1,5155.555555555556
413,4,24,2014,11,1,60227.0,1,5,1,43,1582,6,1,126.0,260.0,21.9,7800.0
414,11,63,2021,3,4,5564.0,1,5,2,28,799,5,2,53.0,72.0,20.71,5244.444444444444
415,11,63,2017,13,4,71696.0,1,5,2,28,999,5,1,67.0,91.0,23.01,3922.222222222222
416,15,85,2011,2,4,44787.0,2,5,2,45,1199,5,1,74.0,110.0,16.2,4466.666666666667
417,4,14,2017,11,2,68295.0,2,5,2,60,1591,6,1,122.0,154.0,15.29,10855.555555555557
418,9,41,2016,13,4,38868.0,2,5,2,35,998,5,1,67.0,90.0,24.07,3977.777777777778
419,9,50,2012,3,4,40411.0,1,5,2,45,1197,5,1,85.0,113.0,18.5,4433.333333333333
420,4,15,2020,13,4,17156.0,1,5,2,40,1197,5,2,81.86,117.0,18.6,9288.888888888889
421,2,4,2017,2,2,12761.0,2,5,2,52,1499,5,1,110.0,140.0,15.8,8922.222222222223
422,9,40,2021,7,4,10563.0,1,5,2,35,796,5,1,47.3,69.0,22.05,4555.555555555556
423,4,15,2018,11,4,13948.0,1,5,2,45,1197,5,2,82.0,115.0,18.6,8833.333333333334
424,4,24,2019,12,1,6165.0,1,5,2,45,1591,6,2,121.3,151.0,17.0,14066.666666666666
425,4,27,2012,11,4,44478.0,2,5,2,35,1197,5,1,78.9,111.7,20.36,3811.1111111111113
426,4,27,2011,6,4,85895.0,1,5,2,35,1197,5,1,78.9,111.8,20.36,4022.222222222222
427,1,3,2017,11,4,42187.0,1,5,2,28,799,5,1,53.64,72.0,20.71,3333.333333333333
428,4,15,2016,3,4,88795.0,1,5,1,45,1396,6,1,88.73,219.7,22.54,7711.111111111111
429,4,28,2013,7,4,45000.0,2,5,2,45,1197,5,1,82.85,113.7,18.5,5377.777777777777
430,3,10,2018,13,1,14861.0,1,5,2,40,1497,5,2,117.6,145.0,17.4,11122.222222222224
431,4,27,2014,11,4,61455.0,1,5,2,35,1197,5,1,68.0,99.08,19.81,4266.666666666667
432,3,13,2019,5,2,23697.0,1,5,2,40,1199,5,1,88.5,110.0,16.5,9533.333333333334
433,9,43,2017,7,4,84623.0,1,5,2,35,998,5,2,67.04,90.0,23.1,5355.555555555556
434,3,11,2016,12,4,36822.0,1,5,2,40,1199,5,2,88.7,110.0,18.7,6455.555555555556
435,4,27,2011,12,4,49985.0,1,5,2,35,1197,5,1,68.0,99.08,19.81,3555.555555555556
436,4,14,2018,11,2,25411.0,1,5,2,60,1591,6,1,122.0,154.0,15.29,13066.666666666666
437,4,14,2019,13,2,26198.0,1,5,2,55,1696,6,2,121.33,151.0,16.8,14155.555555555557
438,9,41,2016,7,4,21812.0,1,5,2,35,998,5,1,67.0,90.0,24.07,4022.222222222222
439,11,63,2020,13,4,15591.0,1,5,2,28,1298,5,2,67.0,91.0,22.0,5433.333333333333
440,3,10,2015,13,1,50821.0,2,5,2,40,1497,5,1,117.3,145.0,18.0,9055.555555555557
441,4,14,2017,11,2,57167.0,1,5,2,60,1591,6,1,122.0,154.0,15.29,11822.222222222224
442,4,27,2014,12,4,62904.0,1,5,2,35,1197,5,1,68.0,99.08,19.81,4322.222222222223
443,3,11,2018,12,4,13074.0,1,5,2,40,1199,5,1,88.51,110.0,16.6,7944.444444444444
444,2,4,2016,7,2,96471.0,1,5,1,52,1498,5,1,99.0,205.0,22.7,6977.777777777777
445,4,16,2015,11,4,40959.0,1,5,2,32,814,5,1,55.2,74.5,21.1,3522.222222222222
446,2,6,2020,13,1,18300.0,1,5,2,42,1798,5,1,94.93,119.0,18.5,8100.0
447,9,41,2017,7,4,32419.0,1,5,2,35,998,5,1,67.0,90.0,24.07,4400.0
448,9,47,2016,3,3,35128.0,1,7,1,45,1248,5,1,89.0,200.0,24.52,10544.444444444443
449,4,27,2016,7,4,36707.0,1,5,2,35,1197,5,1,78.9,111.8,20.36,5033.333333333333
450,9,47,2016,7,3,99495.0,1,7,1,45,1248,5,1,89.0,200.0,24.52,9977.777777777776
451,9,41,2011,11,4,69077.0,1,5,2,35,998,5,1,67.1,90.0,20.92,3122.222222222222
452,4,15,2017,7,4,81673.0,1,5,2,45,1197,5,1,81.83,114.7,18.6,6977.777777777777
453,4,15,2017,3,4,22127.0,1,5,2,45,1197,5,1,81.83,114.7,18.6,7922.222222222223
454,9,56,2011,5,4,43763.0,1,5,2,35,998,5,1,67.1,90.0,18.9,3755.555555555556
455,9,50,2014,7,4,45887.0,2,5,2,43,1197,5,1,85.0,113.0,18.5,4944.444444444444
456,9,43,2015,11,4,68859.0,1,5,2,35,998,5,2,67.04,90.0,23.1,4966.666666666667
457,4,15,2017,13,4,24353.0,1,5,2,45,1197,5,1,81.83,114.7,18.6,6888.888888888889
458,2,6,2017,13,1,53467.0,1,5,2,42,1194,5,1,94.93,119.0,18.5,5822.222222222223
459,4,24,2017,12,1,18732.0,1,5,2,45,1591,6,2,121.3,151.0,17.0,11633.333333333334
460,4,27,2015,13,4,24631.0,1,5,2,35,1197,5,1,78.9,111.8,20.36,4933.333333333333
461,9,47,2016,13,3,54971.0,1,7,1,45,1248,5,1,89.0,200.0,24.52,10066.666666666666
462,9,52,2022,13,4,12076.0,1,5,3,27,998,5,1,58.0,78.0,31.19,7622.222222222223
463,4,27,2013,13,4,35425.0,1,5,2,35,1197,5,1,78.9,111.7,20.36,4133.333333333333
464,4,15,2016,12,4,54734.0,1,5,1,45,1396,6,1,89.0,220.0,22.54,7600.0
465,9,41,2015,12,4,39807.0,1,5,2,35,998,5,1,67.0,90.0,24.07,3911.1111111111113
466,4,27,2014,7,4,41667.0,2,5,2,35,1197,5,1,78.9,111.8,20.36,4355.555555555556
467,9,50,2015,5,4,28840.0,1,5,2,43,1197,5,1,85.0,113.0,18.5,5433.333333333333
468,4,26,2014,3,1,69402.0,1,5,2,43,1197,4,2,81.0,114.0,16.1,6122.222222222223
469,3,11,2017,13,4,53613.0,2,5,2,40,1199,7,1,88.51,110.0,17.01,7644.444444444444
470,6,31,2019,13,2,27562.0,1,5,2,50,1353,6,1,138.0,242.0,16.1,17211.11111111111
471,3,11,2018,5,4,14952.0,1,5,2,40,1199,5,1,88.51,110.0,16.6,7888.888888888889
472,9,56,2011,13,4,71380.0,1,5,2,35,998,5,1,67.1,90.0,18.9,3422.222222222222
473,8,34,2015,13,2,44987.0,1,7,1,60,2179,5,1,120.0,280.0,15.4,9422.222222222224
474,4,15,2018,7,4,34491.0,1,5,2,45,1197,5,2,82.0,115.0,18.6,8744.444444444445
475,4,29,2016,13,5,88321.0,1,5,2,45,1197,5,2,82.0,115.0,17.19,7088.888888888889
476,11,63,2021,5,4,11275.0,1,5,2,28,1298,5,2,67.0,91.0,22.0,5866.666666666667
477,4,24,2013,12,1,84391.0,1,5,2,43,1591,4,2,121.0,158.0,16.61,6733.333333333333
478,9,54,2012,11,1,93004.0,1,5,2,42,1197,5,1,85.8,114.0,19.1,4911.111111111111
479,9,44,2019,3,1,23861.0,2,5,2,43,1696,5,1,103.25,138.0,20.65,9544.444444444443
480,4,18,2016,7,4,43877.0,1,5,2,43,1197,5,1,82.0,114.0,18.9,5711.111111111111
481,3,10,2015,12,1,76926.0,1,5,2,40,1497,5,1,117.3,145.0,17.8,7366.666666666667
482,4,15,2016,3,4,94389.0,1,5,2,45,1197,5,1,81.83,114.7,18.6,6311.111111111111
483,9,50,2014,12,4,64291.0,2,5,2,43,1197,5,1,85.0,113.0,18.5,4522.222222222223
484,4,17,2017,13,1,25068.0,1,5,2,43,1591,5,1,121.0,158.0,17.4,9155.555555555557
485,11,66,2020,13,3,27215.0,1,7,2,40,999,5,1,71.0,96.0,20.0,8211.111111111111
486,4,28,2014,3,4,62692.0,2,5,2,45,1197,5,1,82.85,113.0,18.5,5388.888888888889
487,4,24,2020,7,1,16234.0,1,5,1,45,1493,6,1,113.0,250.0,25.0,16266.666666666666
488,4,15,2018,7,4,39742.0,1,5,2,45,1197,5,2,82.0,115.0,18.6,7677.777777777777
489,9,56,2017,7,4,27876.0,1,5,2,32,998,5,1,67.05,90.0,21.79,5688.888888888889
490,4,15,2017,11,4,51511.0,1,5,1,45,1396,6,1,88.73,219.7,22.54,8755.555555555555
491,9,53,2012,2,4,82049.0,1,5,1,43,1248,5,1,74.0,190.0,22.9,5077.777777777777
492,9,45,2018,3,1,16257.0,1,5,2,37,1197,5,2,88.5,113.0,23.26,8388.888888888889
493,8,36,2020,13,2,39894.0,1,5,1,42,1497,6,1,115.0,300.0,20.0,14188.888888888889
494,9,46,2018,7,3,24630.0,1,5,2,40,1196,5,1,72.42,98.0,16.11,5022.222222222223
495,9,41,2013,11,4,74834.0,1,5,2,35,998,5,1,67.1,90.0,20.92,3344.4444444444443
496,9,41,2011,2,4,54857.0,2,5,2,35,998,5,1,67.1,90.0,20.92,2911.1111111111118
497,9,41,2013,11,4,59394.0,1,5,2,35,998,5,1,67.1,90.0,20.92,3422.222222222222
498,9,44,2020,13,1,8617.0,1,5,2,43,1696,5,1,103.25,138.0,20.65,11366.666666666666
499,2,7,2018,11,5,29028.0,1,5,2,42,1298,5,2,94.93,119.0,18.5,7055.555555555556
500,9,44,2020,7,1,4878.0,1,5,2,43,1696,5,1,103.25,138.0,20.65,11277.777777777776
501,9,41,2011,12,4,82262.0,2,5,2,35,998,5,1,67.1,90.0,20.92,2833.333333333333
502,9,53,2011,11,4,56696.0,1,5,2,43,1197,5,1,85.0,113.0,16.1,4400.0
503,4,14,2016,11,2,40249.0,1,5,2,60,1591,6,1,122.0,154.0,15.29,11233.333333333334
504,4,15,2015,11,4,29169.0,1,5,2,45,1197,5,1,82.0,115.0,18.6,7344.444444444444
505,9,50,2014,11,4,48449.0,1,5,2,43,1197,5,1,85.0,113.0,18.5,5000.0
506,15,85,2011,11,4,55512.0,1,5,2,45,1199,5,1,74.0,110.0,16.2,4833.333333333333
507,4,24,2014,13,1,81335.0,2,5,1,43,1582,4,1,126.0,260.0,21.9,8577.777777777777
508,9,40,2015,12,4,25388.0,1,5,2,35,796,5,1,47.3,69.0,22.74,3677.777777777778
509,11,62,2021,13,2,17120.0,1,5,2,40,1298,5,2,71.0,96.0,19.7,9222.222222222224
510,11,63,2021,12,4,25170.0,1,5,2,28,799,5,2,53.0,72.0,20.71,5388.888888888889
511,9,50,2014,5,4,67154.0,2,5,2,43,1197,5,1,85.0,113.0,18.5,4500.0
512,9,56,2012,7,4,40078.0,1,5,2,35,998,5,1,67.1,90.0,18.9,3855.555555555556
513,9,40,2017,7,4,10100.0,1,5,2,35,796,5,1,47.3,69.0,22.0,4100.0
514,4,15,2018,11,4,23326.0,1,5,2,45,1197,5,2,82.0,115.0,18.6,8533.333333333334
515,3,11,2016,11,4,56762.0,1,5,2,40,1199,5,2,88.7,110.0,18.7,6422.222222222223
516,9,40,2021,13,4,6363.0,1,5,2,35,796,5,1,47.3,69.0,22.05,4633.333333333333
517,9,56,2012,3,4,49799.0,1,5,2,35,998,5,1,67.1,90.0,18.9,3877.777777777778
518,3,11,2016,13,4,94873.0,1,5,2,40,1199,5,2,88.7,110.0,18.7,6400.0
519,2,4,2016,3,2,69414.0,1,5,2,52,999,5,1,124.0,170.0,18.9,6988.888888888889
520,4,27,2014,11,4,40450.0,1,5,2,35,1197,5,1,78.9,111.8,20.36,4700.0
521,2,4,2014,13,2,86120.0,1,5,1,52,1498,5,1,98.96,215.0,21.7,7144.444444444444
522,4,15,2018,11,4,29948.0,1,5,2,45,1197,5,2,82.0,115.0,18.6,8188.888888888889
523,11,63,2019,7,4,22356.0,1,5,2,28,799,5,1,53.3,72.0,25.17,4722.222222222223
524,4,27,2011,7,4,77554.0,1,5,2,35,1086,5,1,68.05,99.04,19.81,3666.6666666666665
525,6,31,2020,11,2,18499.0,1,5,2,50,1497,6,1,113.4,114.0,16.8,15211.111111111111
526,9,46,2019,7,3,27462.0,1,5,2,40,1196,5,1,72.42,98.0,16.11,4844.444444444444
527,3,13,2019,11,2,53948.0,1,5,2,40,1199,5,1,88.5,110.0,16.5,9811.111111111111
528,6,31,2020,11,2,20280.0,1,5,2,50,1353,6,1,138.0,242.0,16.1,17888.88888888889
529,4,25,2011,13,1,75713.0,2,5,2,45,1599,5,2,103.0,147.0,11.8,4444.444444444444
530,9,41,2019,7,4,35607.0,1,5,2,35,998,5,1,67.0,90.0,24.07,4766.666666666667
531,9,46,2017,12,3,75728.0,1,5,2,40,1196,5,1,72.42,98.0,16.11,4533.333333333333
532,4,27,2015,13,4,26176.0,2,5,2,35,1197,5,1,78.9,111.8,20.36,4533.333333333333
533,9,45,2018,3,1,19949.0,1,5,2,37,1197,5,2,88.5,113.0,24.12,8211.111111111111
534,11,61,2015,11,2,59680.0,1,5,1,50,1596,5,1,108.0,248.0,19.6,8377.777777777777
535,11,61,2015,11,2,59680.0,1,5,1,50,1596,5,1,108.0,248.0,19.6,8377.777777777777
536,11,61,2015,11,2,59680.0,1,5,1,50,1461,5,1,108.0,248.0,19.6,8377.777777777777
537,11,61,2015,11,2,59680.0,1,5,1,50,1461,5,1,108.0,248.0,19.6,8377.777777777777
538,4,26,2014,13,1,68363.0,1,5,2,43,1197,5,1,81.0,114.0,19.1,5122.222222222223
539,11,66,2020,11,3,12256.0,1,7,2,40,999,5,2,72.0,96.0,18.2,8133.333333333333
540,11,66,2019,9,3,16554.0,1,7,2,40,999,5,1,71.0,96.0,20.0,7788.888888888889
541,4,27,2015,12,4,38156.0,2,5,2,35,1197,5,1,78.9,111.8,20.36,4511.111111111111
542,9,40,2012,13,4,66016.0,1,5,2,35,796,5,1,47.3,69.0,22.74,3011.1111111111118
543,4,16,2013,3,4,24862.0,1,5,2,32,814,5,1,55.2,74.5,21.1,3255.555555555556
544,14,79,2012,12,1,67312.0,2,5,2,45,1496,5,1,90.0,132.0,17.57,4088.8888888888887
545,4,18,2013,11,4,68842.0,1,5,2,43,1197,5,1,82.0,114.0,18.9,4966.666666666667
546,3,13,2018,5,2,48924.0,1,5,1,40,1498,6,1,97.89,200.0,23.7,10133.333333333334
547,9,54,2011,7,1,71460.0,1,5,2,43,1298,5,1,85.8,114.0,17.5,4300.0
548,11,63,2019,11,4,33661.0,1,5,2,28,999,5,1,67.0,91.0,23.01,4977.777777777777
549,14,82,2020,13,1,33394.0,2,5,2,42,1596,5,1,105.94,140.0,18.1,11677.777777777776
550,14,82,2020,13,1,33394.0,2,5,2,42,1596,5,1,105.94,140.0,18.1,11677.777777777776
551,14,82,2020,13,1,33394.0,2,5,2,42,1496,5,1,105.94,140.0,18.1,11677.777777777776
552,14,82,2020,13,1,33394.0,2,5,2,42,1496,5,1,105.94,140.0,18.1,11677.777777777776
553,14,82,2019,5,1,9242.0,1,5,2,42,1596,6,1,105.94,140.0,17.18,10155.555555555557
554,14,82,2019,5,1,9242.0,1,5,2,42,1596,6,1,105.94,140.0,17.18,10155.555555555557
555,14,82,2019,5,1,9242.0,1,5,2,42,1496,6,1,105.94,140.0,17.18,10155.555555555557
556,14,82,2019,5,1,9242.0,1,5,2,42,1496,6,1,105.94,140.0,17.18,10155.555555555557
557,4,24,2014,13,1,88267.0,1,5,2,43,1591,5,2,121.0,158.0,17.01,6644.444444444444
558,7,32,2020,12,2,13185.0,1,5,1,60,1596,5,1,167.68,350.0,17.41,20244.444444444445
559,7,32,2020,12,2,13185.0,1,5,1,60,1596,5,1,167.68,350.0,17.41,20244.444444444445
560,7,32,2020,12,2,13185.0,1,5,1,60,1956,6,1,167.68,350.0,17.41,20244.444444444445
561,7,32,2020,12,2,13185.0,1,5,1,60,1956,6,1,167.68,350.0,17.41,20244.444444444445
562,6,31,2020,13,2,25450.0,1,5,2,50,1353,6,1,138.0,242.0,16.1,17655.555555555555
563,14,82,2020,13,1,37283.0,2,5,2,42,1596,5,1,105.94,140.0,18.1,11411.111111111111
564,14,82,2020,13,1,37283.0,2,5,2,42,1596,5,1,105.94,140.0,18.1,11411.111111111111
565,14,82,2020,13,1,37283.0,2,5,2,42,1496,5,1,105.94,140.0,18.1,11411.111111111111
566,14,82,2020,13,1,37283.0,2,5,2,42,1496,5,1,105.94,140.0,18.1,11411.111111111111
567,9,44,2019,3,1,41804.0,1,5,2,43,1696,5,1,103.25,138.0,20.65,9588.888888888889
568,9,56,2011,11,4,72631.0,1,5,2,35,998,5,1,67.1,90.0,18.9,3500.0
569,11,63,2019,7,4,37865.0,1,5,2,28,999,5,1,67.0,91.0,23.01,4811.111111111111
570,4,18,2014,13,4,72514.0,1,5,2,43,1197,5,1,82.0,114.0,18.9,5044.444444444444
571,11,62,2021,12,2,21304.0,1,5,2,40,1298,5,2,71.0,96.0,19.17,8966.666666666666
572,9,53,2021,11,4,7881.0,1,5,2,37,1197,5,1,81.8,113.0,21.21,8155.555555555556
573,8,34,2016,2,2,54656.0,1,7,1,60,2179,5,1,120.0,280.0,15.4,11711.111111111111
574,9,43,2014,7,4,39400.0,1,5,2,35,998,5,2,67.04,90.0,23.1,4988.888888888889
575,12,67,2012,12,1,52326.0,1,5,2,55,1598,6,2,103.0,153.0,14.3,5977.777777777777
576,4,29,2018,5,5,24310.0,1,5,2,45,1197,5,2,82.0,115.0,17.19,9811.111111111111
577,4,18,2017,12,4,25966.0,1,5,2,43,1197,5,2,81.86,113.75,18.9,6044.444444444444
578,3,10,2011,2,1,90745.0,1,5,2,42,1497,5,2,118.0,146.0,10.4,5388.888888888889
579,4,23,2019,3,2,21628.0,1,5,2,45,998,6,1,118.35,171.6,18.27,11055.555555555557
580,11,66,2020,3,3,43164.0,1,7,2,40,999,5,2,72.0,96.0,18.2,8355.555555555555
581,9,39,2011,2,4,16061.0,2,5,2,35,796,5,1,46.3,62.0,19.7,2955.555555555556
582,4,26,2015,3,1,65025.0,1,5,2,43,1197,4,2,81.0,114.0,16.1,6122.222222222223
583,4,18,2014,2,4,26974.0,1,5,2,43,1197,5,1,82.0,114.0,18.9,5300.0
584,9,54,2013,1,1,23778.0,1,5,2,42,1197,5,1,85.8,114.0,19.1,5811.111111111111
585,4,24,2020,2,1,7594.0,1,5,2,45,1497,5,2,113.0,144.0,18.4,15800.0
586,9,40,2020,3,4,21075.0,1,5,2,35,796,5,1,47.3,69.0,22.05,4777.777777777777
587,14,82,2020,5,1,7122.0,1,5,2,42,1596,6,1,105.94,140.0,17.18,9933.333333333334
588,14,82,2020,5,1,7122.0,1,5,2,42,1596,6,1,105.94,140.0,17.18,9933.333333333334
589,14,82,2020,5,1,7122.0,1,5,2,42,1496,6,1,105.94,140.0,17.18,9933.333333333334
590,14,82,2020,5,1,7122.0,1,5,2,42,1496,6,1,105.94,140.0,17.18,9933.333333333334
591,7,32,2019,11,2,25219.0,1,5,2,60,1451,6,2,141.0,250.0,13.96,18888.88888888889
592,8,34,2015,3,2,94751.0,2,7,1,60,2179,5,1,120.0,280.0,15.4,10155.555555555557
593,9,44,2020,3,1,26246.0,1,5,2,43,1696,5,1,103.25,138.0,20.65,10788.888888888889
594,9,44,2015,5,1,93570.0,2,5,2,43,1373,4,2,91.0,130.0,19.12,6588.888888888889
595,9,54,2014,13,1,70563.0,2,5,2,42,1197,4,2,85.8,114.0,19.1,5544.444444444444
596,2,7,2020,6,5,14965.0,1,5,2,42,1298,5,2,94.93,119.0,18.5,8088.888888888889
597,11,63,2015,4,4,33390.0,1,5,2,28,799,5,1,53.3,72.0,25.17,3188.8888888888887
598,9,50,2011,5,4,53349.0,1,5,2,45,1197,5,1,85.0,113.0,18.5,4144.444444444444
599,9,43,2014,12,4,87635.0,1,5,2,35,998,5,2,67.04,90.0,23.1,4488.888888888889
600,9,56,2011,7,4,77919.0,1,5,2,35,998,5,1,67.1,90.0,18.9,3533.333333333333
601,2,4,2017,13,2,84118.0,1,5,2,52,1499,6,2,110.0,140.0,16.5,8077.777777777777
602,4,20,2018,13,4,22735.0,1,5,2,35,1086,5,1,68.07,99.07,20.3,4966.666666666667
603,4,14,2017,2,2,50749.0,1,5,1,60,1582,6,1,126.0,265.0,19.67,12777.777777777776
604,3,12,2015,11,3,45754.0,2,7,2,42,1497,5,1,118.0,145.0,17.3,6722.222222222223
605,8,34,2015,13,2,72696.0,1,7,1,60,2179,6,2,120.0,280.0,15.4,12411.111111111111
606,4,18,2015,9,4,99001.0,1,5,2,43,1197,4,2,82.0,114.0,18.9,5622.222222222223
607,4,15,2017,3,4,85933.0,1,5,2,45,1197,5,1,81.83,114.7,18.6,6777.777777777777
608,1,2,2014,11,4,55890.0,2,5,2,35,1798,5,1,67.05,104.0,19.02,3222.222222222222
609,15,86,2013,2,1,88105.0,1,5,2,55,1598,6,2,103.0,153.0,14.4,6022.222222222223
610,7,32,2019,2,2,20761.0,1,5,2,60,1451,6,2,141.0,250.0,13.96,19111.11111111111
611,9,50,2016,13,4,56280.0,1,5,2,43,1197,5,1,85.0,113.0,18.5,5811.111111111111
612,3,13,2017,7,2,37043.0,1,5,2,40,1199,5,1,88.5,110.0,16.5,8277.777777777777
613,8,34,2015,13,2,79576.0,1,7,1,60,2179,6,2,120.0,280.0,15.4,11688.888888888889
614,4,17,2017,13,1,29759.0,1,5,2,43,1591,5,1,121.0,158.0,17.4,9488.888888888889
615,2,4,2017,11,2,28559.0,1,5,2,52,1499,5,1,110.0,140.0,15.8,8755.555555555555
616,9,50,2013,13,4,18214.0,1,5,2,43,1197,5,1,85.0,113.0,18.5,5111.111111111111
617,4,15,2015,13,4,92256.0,1,5,1,45,1396,6,1,88.73,219.7,22.54,7655.555555555556
618,3,12,2015,12,3,42933.0,2,7,2,42,1497,5,1,118.0,145.0,17.3,7088.888888888889
619,4,24,2020,3,1,18146.0,1,5,2,45,1497,5,2,113.0,144.0,18.4,16200.0
620,4,15,2016,11,4,29602.0,1,5,1,45,1396,6,1,88.73,219.7,22.54,9044.444444444443
621,7,32,2020,12,2,26994.0,1,5,2,60,1451,6,2,141.0,250.0,13.96,19711.11111111111
622,9,50,2013,13,4,47642.0,2,5,2,43,1197,5,1,85.0,113.0,18.5,5055.555555555556
623,9,41,2012,11,4,67041.0,1,5,2,35,998,5,1,67.1,90.0,20.92,3488.8888888888887
624,7,32,2020,11,2,30234.0,1,5,1,60,1596,5,1,167.68,350.0,17.41,22433.33333333333
625,7,32,2020,11,2,30234.0,1,5,1,60,1596,5,1,167.68,350.0,17.41,22433.33333333333
626,7,32,2020,11,2,30234.0,1,5,1,60,1956,6,1,167.68,350.0,17.41,22433.33333333333
627,7,32,2020,11,2,30234.0,1,5,1,60,1956,6,1,167.68,350.0,17.41,22433.33333333333
628,4,15,2017,13,4,33545.0,1,5,1,45,1396,6,1,88.73,219.7,22.54,9733.333333333334
629,14,80,2012,12,4,42200.0,2,5,2,45,1596,5,2,79.0,104.0,17.71,4700.0
630,14,80,2012,12,4,42200.0,2,5,2,45,1596,5,2,79.0,104.0,17.71,4700.0
631,14,80,2012,12,4,42200.0,2,5,2,45,1496,5,1,79.0,104.0,17.71,4700.0
632,14,80,2012,12,4,42200.0,2,5,2,45,1496,5,1,79.0,104.0,17.71,4700.0
633,4,24,2017,13,1,48583.0,1,5,2,45,1591,6,2,121.3,151.0,17.0,12222.222222222224
634,4,27,2014,7,4,98109.0,1,5,2,35,1197,5,1,78.9,111.8,20.36,4566.666666666667
635,4,27,2011,11,4,70581.0,2,5,2,35,1197,5,1,78.9,111.7,20.36,3777.777777777778
636,9,41,2018,11,4,64194.0,1,5,2,35,998,5,1,67.0,90.0,24.07,4500.0
637,11,61,2015,13,2,87057.0,1,5,1,50,1461,5,1,83.8,200.0,19.87,8200.0
638,4,22,2012,13,4,23227.0,1,5,2,35,1086,5,1,62.1,96.1,17.92,4055.555555555556
639,7,32,2019,2,2,24564.0,1,5,2,60,1451,6,2,141.0,250.0,13.96,18888.88888888889
640,9,50,2012,11,4,39719.0,1,5,2,45,1197,5,1,85.0,113.0,18.5,4688.888888888889
641,7,32,2020,13,2,51686.0,1,5,1,60,1596,5,1,167.68,350.0,17.41,21755.555555555555
642,7,32,2020,13,2,51686.0,1,5,1,60,1596,5,1,167.68,350.0,17.41,21755.555555555555
643,7,32,2020,13,2,51686.0,1,5,1,60,1956,6,1,167.68,350.0,17.41,21755.555555555555
644,7,32,2020,13,2,51686.0,1,5,1,60,1956,6,1,167.68,350.0,17.41,21755.555555555555
645,11,61,2018,4,2,57995.0,1,5,1,50,1461,6,1,108.0,248.0,19.6,11322.222222222224
646,7,32,2020,11,2,32604.0,1,5,1,60,1596,5,1,167.68,350.0,17.41,21977.777777777777
647,7,32,2020,11,2,32604.0,1,5,1,60,1596,5,1,167.68,350.0,17.41,21977.777777777777
648,7,32,2020,11,2,32604.0,1,5,1,60,1956,6,1,167.68,350.0,17.41,21977.777777777777
649,7,32,2020,11,2,32604.0,1,5,1,60,1956,6,1,167.68,350.0,17.41,21977.777777777777
650,9,50,2012,12,4,46627.0,1,5,2,45,1197,5,1,85.0,113.0,18.5,4577.777777777777
651,3,10,2017,7,1,45868.0,1,5,2,40,1497,5,1,117.6,145.0,17.4,9755.555555555557
652,9,50,2013,5,4,68876.0,1,5,2,43,1197,5,1,85.0,113.0,18.5,4766.666666666667
653,2,4,2013,13,2,47068.0,1,5,2,52,1499,6,2,109.0,140.0,16.5,7866.666666666667
654,2,4,2014,13,2,48060.0,1,5,2,52,999,5,1,123.37,170.0,18.88,7533.333333333333
655,9,41,2016,9,4,80307.0,2,5,2,35,998,5,1,67.0,90.0,24.07,3622.222222222222
656,9,41,2013,11,4,29217.0,1,5,2,35,998,5,1,67.1,90.0,20.92,3733.3333333333335
657,7,32,2019,2,2,28787.0,1,5,2,60,1451,6,2,141.0,250.0,15.81,17655.555555555555
658,9,49,2014,12,3,57964.0,2,8,2,36,796,4,1,34.0,59.0,16.8,3722.222222222222
659,9,50,2011,7,4,54318.0,2,5,2,45,1197,5,1,85.0,113.0,18.5,4088.8888888888887
660,4,27,2014,7,4,55319.0,1,5,2,35,1197,5,1,78.9,111.8,20.36,4877.777777777777
661,2,4,2018,12,2,39105.0,1,5,2,52,1496,6,2,120.69,149.0,14.7,11844.444444444443
662,7,32,2021,13,2,49279.0,1,5,1,60,1596,5,1,167.68,350.0,17.41,22044.444444444445
663,7,32,2021,13,2,49279.0,1,5,1,60,1596,5,1,167.68,350.0,17.41,22044.444444444445
664,7,32,2021,13,2,49279.0,1,5,1,60,1956,6,1,167.68,350.0,17.41,22044.444444444445
665,7,32,2021,13,2,49279.0,1,5,1,60,1956,6,1,167.68,350.0,17.41,22044.444444444445
666,4,22,2011,8,4,57259.0,2,5,2,35,1086,5,1,62.1,96.1,17.92,3644.444444444444
667,8,37,2015,12,2,66820.0,2,7,1,70,2179,6,1,140.0,330.0,15.1,11722.222222222224
668,2,6,2018,3,1,21089.0,1,5,2,42,1194,5,1,94.93,119.0,18.5,6166.666666666667
669,9,43,2014,3,4,7779.0,1,5,2,35,998,5,2,67.04,90.0,23.1,4822.222222222223
670,4,27,2011,11,4,48267.0,2,5,2,35,1197,4,2,78.9,111.8,16.95,3866.6666666666665
671,9,53,2014,7,4,48079.0,1,5,1,42,1248,5,1,74.0,190.0,22.9,6177.777777777777
672,4,18,2014,9,4,42290.0,1,5,2,43,1197,5,1,82.0,114.0,18.9,4966.666666666667
673,15,85,2014,3,4,54723.0,1,5,1,45,1498,5,2,88.0,230.0,20.18,6322.222222222223
674,11,63,2019,13,4,23160.0,1,5,2,28,799,5,2,53.0,72.0,20.71,4755.555555555556
675,4,28,2012,13,4,41191.0,1,5,2,45,1197,5,1,82.85,113.0,18.5,5055.555555555556
676,11,61,2018,7,2,18005.0,1,5,1,50,1461,6,1,108.45,245.0,19.6,12933.333333333334
677,3,10,2017,13,1,34480.0,1,5,2,40,1196,5,2,117.6,145.0,18.0,13088.888888888889
678,3,8,2019,5,1,20604.0,1,5,2,35,1199,5,1,88.76,110.0,18.6,8500.0
679,11,62,2021,7,2,9015.0,1,5,2,40,1298,5,2,71.0,96.0,19.7,9833.333333333334
680,4,15,2016,11,4,56348.0,1,5,2,45,1197,5,1,81.83,114.7,18.6,7311.111111111111
681,3,10,2018,5,1,16006.0,1,5,2,40,1196,5,2,117.6,145.0,18.0,13777.777777777776
682,4,15,2018,13,4,27617.0,1,5,2,45,1197,5,2,82.0,115.0,18.6,8355.555555555555
683,9,42,2019,7,4,17246.0,1,5,2,37,1596,5,1,81.8,113.0,21.01,9655.555555555557
684,9,42,2019,7,4,17246.0,1,5,2,37,1596,5,1,81.8,113.0,21.01,9655.555555555557
685,9,42,2019,7,4,17246.0,1,5,2,37,1197,5,1,81.8,113.0,21.01,9655.555555555557
686,9,42,2019,7,4,17246.0,1,5,2,37,1197,5,1,81.8,113.0,21.01,9655.555555555557
687,2,4,2017,5,2,73428.0,1,5,2,52,1496,6,2,120.69,149.0,14.7,9255.555555555557
688,4,24,2018,5,1,25198.0,1,5,2,45,1591,6,2,121.3,151.0,17.0,13011.111111111111
689,3,8,2020,13,1,7981.0,1,5,2,35,1199,5,1,88.76,110.0,18.6,9333.333333333334
690,4,29,2016,13,5,65232.0,2,5,1,45,1396,6,2,89.0,220.0,21.19,7844.444444444444
691,0,0,2013,7,4,52501.0,1,5,2,35,1199,5,1,79.0,108.0,18.6,3033.333333333333
692,4,15,2015,7,4,91933.0,1,5,2,45,1197,5,1,81.83,114.7,18.6,6700.0
693,4,18,2017,12,4,39437.0,1,5,2,43,1197,5,2,81.86,113.75,18.9,5788.888888888889
694,9,45,2018,13,1,50664.0,1,5,1,37,1248,5,2,74.0,190.0,28.4,8488.888888888889
695,8,37,2015,13,2,60985.0,1,7,1,70,2179,6,1,140.0,330.0,16.0,14066.666666666666
696,4,23,2020,3,2,37005.0,1,5,2,45,998,6,1,118.35,171.6,18.27,11444.444444444443
697,9,43,2015,13,4,23217.0,1,5,2,35,998,5,2,67.04,90.0,23.1,5677.777777777777
698,9,41,2017,7,4,46289.0,2,5,2,35,1798,5,1,67.1,90.0,23.95,4322.222222222223
699,11,61,2018,11,2,23783.0,1,5,1,50,1461,6,1,108.45,245.0,19.6,12633.333333333334
700,3,10,2014,5,1,55410.0,2,5,2,40,1497,5,1,117.3,145.0,17.8,6255.555555555556
701,4,26,2014,3,1,38147.0,1,5,2,43,1197,5,1,81.0,114.0,19.1,5166.666666666667
702,6,31,2019,13,2,23801.0,1,5,2,50,1353,7,1,138.0,242.0,16.8,18977.777777777777
703,9,42,2018,3,4,16123.0,1,5,2,37,1197,5,1,81.8,113.0,21.01,8344.444444444445
704,9,40,2013,10,4,22801.0,1,5,2,35,1596,5,2,48.0,69.0,22.74,3400.0
705,9,40,2013,10,4,22801.0,1,5,2,35,1596,5,2,48.0,69.0,22.74,3400.0
706,9,40,2013,10,4,22801.0,1,5,2,35,1496,5,1,48.0,69.0,22.74,3400.0
707,9,40,2013,10,4,22801.0,1,5,2,35,1496,5,1,48.0,69.0,22.74,3400.0
708,9,42,2018,3,4,16373.0,1,5,2,37,1197,5,1,81.8,113.0,21.01,8566.666666666666
709,9,44,2016,11,1,31207.0,1,5,2,43,1373,4,2,91.0,130.0,19.12,9144.444444444443
710,2,4,2019,13,2,60197.0,1,5,2,52,1496,6,2,120.69,149.0,14.7,10888.888888888889
711,3,10,2013,11,1,73382.0,1,5,2,42,1497,5,1,118.0,146.0,17.0,6344.444444444444
712,9,42,2016,3,4,62811.0,1,5,2,37,1197,5,1,81.8,113.0,21.01,6822.222222222223
713,4,29,2018,12,5,29086.0,1,5,2,45,1197,5,2,82.0,115.0,17.19,9366.666666666666
714,11,63,2018,11,4,12582.0,1,5,2,28,799,5,1,53.3,72.0,25.12,4555.555555555556
715,4,16,2017,13,4,40158.0,1,5,2,32,814,5,1,55.2,74.5,21.1,4744.444444444444
716,4,28,2013,4,4,50665.0,1,5,2,45,1197,5,1,82.85,113.0,18.5,5377.777777777777
717,4,24,2013,13,1,42283.0,1,5,2,43,1582,5,2,121.0,158.0,17.01,6911.111111111111
718,9,43,2017,12,4,79767.0,1,5,2,35,998,5,2,67.04,90.0,23.1,4700.0
719,9,44,2018,3,1,48524.0,1,5,2,43,1373,5,1,91.1,130.0,20.73,9022.222222222224
720,9,52,2021,12,4,4704.0,1,5,2,27,998,5,1,67.0,90.0,21.01,6100.0
721,9,43,2016,11,4,44272.0,1,5,2,35,998,5,2,67.04,90.0,23.1,5833.333333333333
722,4,26,2018,7,1,14197.0,1,5,2,43,1197,5,1,81.86,113.75,20.14,7877.777777777777
723,4,15,2017,3,4,57359.0,1,5,2,45,1197,5,1,81.83,114.7,18.6,8266.666666666666
724,3,10,2019,5,1,13791.0,1,5,2,40,1497,5,1,117.6,145.0,17.4,10911.111111111111
725,9,55,2016,14,2,76060.0,1,5,1,48,1248,5,2,88.5,200.0,24.3,9788.888888888889
726,13,69,2021,13,4,5389.0,1,5,2,37,1199,5,1,84.82,113.0,19.05,9266.666666666666
727,8,34,2015,2,2,64338.0,1,7,1,60,2179,5,1,120.0,280.0,15.4,10177.777777777776
728,3,8,2019,5,1,17691.0,1,5,2,35,1199,5,1,88.76,110.0,18.6,9777.777777777776
729,13,74,2022,13,2,19734.0,1,5,2,37,1199,5,2,84.0,113.0,18.9,9677.777777777776
730,4,18,2017,12,4,16150.0,1,5,2,43,1197,5,2,81.86,113.75,18.9,6600.0
731,4,24,2021,12,1,21557.0,1,5,2,45,1497,6,2,113.0,144.0,17.7,15177.777777777776
732,14,81,2020,13,4,30130.0,1,5,2,37,1596,5,1,81.8,113.0,21.01,8722.222222222223
733,14,81,2020,13,4,30130.0,1,5,2,37,1596,5,1,81.8,113.0,21.01,8722.222222222223
734,14,81,2020,13,4,30130.0,1,5,2,37,1197,5,1,81.8,113.0,21.01,8722.222222222223
735,14,81,2020,13,4,30130.0,1,5,2,37,1197,5,1,81.8,113.0,21.01,8722.222222222223
736,9,42,2019,3,4,24618.0,1,5,2,37,1197,5,1,81.8,113.0,21.01,7977.777777777777
737,9,42,2020,3,4,4337.0,1,5,2,37,1197,5,1,81.8,113.0,21.01,8322.222222222223
738,9,41,2015,11,4,74114.0,2,5,2,35,998,5,1,67.0,90.0,24.07,3555.555555555556
739,4,14,2016,13,2,52631.0,3,5,2,60,1591,6,1,122.0,154.0,15.29,9555.555555555557
740,9,45,2021,3,1,5744.0,1,5,2,37,1197,5,1,88.5,113.0,23.26,8877.777777777777
741,9,57,2019,12,4,18988.0,1,5,2,32,1197,5,1,81.8,113.0,20.52,6944.444444444444
742,9,40,2019,7,4,18066.0,1,5,2,35,796,5,1,47.3,69.0,22.05,4566.666666666667
743,9,53,2014,12,4,74660.0,2,5,1,43,1248,5,1,74.0,190.0,22.9,6000.0
744,9,42,2019,13,4,32801.0,1,5,2,37,1197,5,1,81.8,113.0,21.01,9133.333333333334
745,9,45,2018,13,1,46517.0,1,5,2,37,1696,5,2,88.5,113.0,24.12,8711.111111111111
746,4,23,2019,3,2,44781.0,1,5,2,45,998,7,1,118.35,171.6,18.15,12944.444444444443
747,9,49,2019,3,3,27409.0,1,8,2,36,796,4,1,34.0,59.0,16.8,4400.0
748,4,15,2019,3,4,23505.0,1,5,2,40,1197,5,2,81.86,117.0,18.6,8555.555555555555
749,9,52,2021,11,4,34872.0,1,5,2,27,998,5,1,67.0,90.0,21.01,5722.222222222223
750,9,40,2020,11,4,7401.0,1,5,2,35,796,5,1,47.3,69.0,22.05,4733.333333333333
751,4,18,2014,9,4,51531.0,1,5,2,43,1197,4,2,82.0,114.0,18.9,6011.111111111111
752,4,16,2017,13,4,40187.0,1,5,2,32,814,5,1,55.2,74.5,21.1,4333.333333333333
753,11,61,2017,4,2,77127.0,2,5,1,50,1461,5,1,84.0,200.0,19.87,9000.0
754,2,4,2017,7,2,31080.0,1,5,1,52,1498,5,1,99.0,205.0,22.7,10355.555555555557
755,9,42,2019,3,4,28967.0,1,5,2,37,1197,5,1,81.8,113.0,21.01,8800.0
756,4,14,2017,13,2,69302.0,1,5,2,60,1591,6,1,122.0,154.0,15.29,13755.555555555557
757,4,15,2020,11,4,14502.0,1,5,2,40,1197,5,2,81.86,117.0,18.6,8544.444444444445
758,4,15,2014,3,4,38213.0,1,5,2,45,1197,5,1,81.83,114.7,18.6,7055.555555555556
759,9,43,2016,13,4,54635.0,1,5,2,35,998,5,2,67.04,90.0,23.1,5344.444444444444
760,3,10,2018,5,1,32939.0,1,5,2,40,1196,5,2,117.6,145.0,18.0,13166.666666666666
761,12,67,2012,1,1,99495.0,1,5,1,55,1598,5,1,103.0,250.0,14.3,5177.777777777777
762,11,63,2019,11,4,23342.0,1,5,2,28,799,5,1,53.3,72.0,25.17,5433.333333333333
763,4,24,2020,2,1,32464.0,1,5,2,45,998,7,2,118.0,172.0,19.2,16155.555555555557
764,3,13,2019,11,2,30457.0,1,5,1,40,1498,6,1,97.89,200.0,23.7,11466.666666666666
765,14,81,2021,11,4,6738.0,1,5,2,37,1596,5,1,81.8,113.0,21.01,9411.111111111111
766,14,81,2021,11,4,6738.0,1,5,2,37,1596,5,1,81.8,113.0,21.01,9411.111111111111
767,14,81,2021,11,4,6738.0,1,5,2,37,1197,5,1,81.8,113.0,21.01,9411.111111111111
768,14,81,2021,11,4,6738.0,1,5,2,37,1197,5,1,81.8,113.0,21.01,9411.111111111111
769,3,10,2020,5,1,18402.0,1,5,2,40,1498,6,1,119.35,145.0,18.4,15677.777777777776
770,2,4,2013,12,2,95381.0,1,5,1,52,1498,5,1,89.0,204.0,22.7,6211.111111111111
771,3,11,2016,9,4,22856.0,1,5,2,40,1199,5,1,88.51,110.0,16.6,6944.444444444444
772,9,44,2019,13,1,15251.0,2,5,2,43,1462,4,2,103.25,138.0,20.0,11100.0
773,4,15,2017,7,4,57394.0,1,5,2,45,1197,5,1,81.83,114.7,18.6,7522.222222222223
774,9,46,2020,7,3,26856.0,1,5,2,40,1197,5,1,72.42,98.0,16.11,5500.0
775,4,26,2019,7,1,9421.0,1,5,2,43,1197,5,1,81.86,113.75,20.14,8455.555555555555
776,9,42,2016,3,4,56204.0,2,5,2,37,1197,5,1,81.8,113.0,21.01,7188.888888888889
777,3,10,2017,7,1,16936.0,1,5,2,40,1497,5,1,117.6,145.0,17.4,9744.444444444443
778,9,45,2021,12,1,15443.0,1,5,2,37,1197,5,1,88.5,113.0,23.26,8155.555555555556
779,4,15,2016,7,4,49826.0,1,5,2,45,1197,5,1,81.83,114.7,18.6,7344.444444444444
780,9,40,2020,7,4,7140.0,1,5,2,35,796,5,1,47.3,69.0,22.05,4955.555555555556
781,9,42,2019,3,4,26533.0,1,5,2,37,1197,5,1,81.8,113.0,21.01,9044.444444444443
782,9,40,2019,13,4,15928.0,1,5,2,35,796,5,1,47.33,69.0,22.05,4344.444444444444
783,4,21,2021,7,4,14133.0,1,5,2,37,998,6,2,118.0,172.0,20.2,11488.888888888889
784,9,41,2015,3,4,29978.0,2,5,2,35,998,5,1,67.0,90.0,24.07,3888.8888888888887
785,9,45,2018,7,1,32454.0,1,5,2,37,1197,5,2,88.5,113.0,23.26,8477.777777777777
786,9,54,2012,1,1,70628.0,1,5,1,42,1248,5,1,74.0,190.0,23.4,5411.111111111111
787,2,5,2020,7,4,11762.0,1,5,1,40,1596,5,1,98.96,215.0,24.4,8744.444444444445
788,2,5,2020,7,4,11762.0,1,5,1,40,1596,5,1,98.96,215.0,24.4,8744.444444444445
789,2,5,2020,7,4,11762.0,1,5,1,40,1499,5,1,98.96,215.0,24.4,8744.444444444445
790,2,5,2020,7,4,11762.0,1,5,1,40,1499,5,1,98.96,215.0,24.4,8744.444444444445
791,4,18,2017,13,4,18411.0,1,5,2,43,1197,5,2,81.86,113.75,18.9,5844.444444444444
792,4,18,2018,7,4,42101.0,1,5,2,43,1197,5,2,81.86,113.75,18.9,6344.444444444444
793,14,82,2018,5,1,73664.0,1,5,2,42,1596,5,1,105.94,140.0,18.1,11233.333333333334
794,14,82,2018,5,1,73664.0,1,5,2,42,1596,5,1,105.94,140.0,18.1,11233.333333333334
795,14,82,2018,5,1,73664.0,1,5,2,42,1496,5,1,105.94,140.0,18.1,11233.333333333334
796,14,82,2018,5,1,73664.0,1,5,2,42,1496,5,1,105.94,140.0,18.1,11233.333333333334
797,9,44,2016,5,1,69045.0,1,5,2,43,1373,5,1,91.1,130.0,20.73,7766.666666666667
798,4,15,2016,13,4,25382.0,1,5,2,45,1197,5,1,82.0,115.0,18.6,8066.666666666667
799,4,26,2015,11,1,68611.0,1,5,2,43,1197,5,1,81.0,114.0,19.1,5744.444444444444
800,4,18,2016,13,4,30045.0,2,5,2,43,1197,4,2,82.0,114.0,18.9,6366.666666666667
801,4,16,2018,11,4,11225.0,1,5,2,32,814,5,1,55.2,74.5,21.1,5044.444444444444
802,11,64,2015,12,3,73760.0,1,8,1,50,1461,6,1,108.0,245.0,19.98,6944.444444444444
803,2,4,2019,3,2,67732.0,1,5,1,52,1498,5,2,98.86,215.0,21.7,10611.111111111111
804,9,41,2011,11,4,67463.0,2,5,2,35,998,5,1,67.1,90.0,20.92,3044.4444444444443
805,11,62,2021,7,2,30322.0,1,5,2,40,1298,5,2,71.0,96.0,19.03,10288.888888888889
806,9,52,2019,13,4,15878.0,2,5,2,27,998,5,1,67.0,90.0,21.01,5166.666666666667
807,15,85,2016,12,4,44885.0,1,5,2,45,1199,5,1,74.0,110.0,16.2,7366.666666666667
808,9,42,2019,3,4,31171.0,1,5,2,37,1596,5,1,81.8,113.0,21.01,9022.222222222224
809,9,42,2019,3,4,31171.0,1,5,2,37,1596,5,1,81.8,113.0,21.01,9022.222222222224
810,9,42,2019,3,4,31171.0,1,5,2,37,1197,5,1,81.8,113.0,21.01,9022.222222222224
811,9,42,2019,3,4,31171.0,1,5,2,37,1197,5,1,81.8,113.0,21.01,9022.222222222224
812,3,10,2016,12,1,43992.0,1,5,2,40,1497,5,1,117.3,145.0,18.0,9955.555555555557
813,9,44,2020,12,1,17050.0,1,5,2,43,1696,5,1,103.25,138.0,20.65,10866.666666666666
814,9,52,2020,7,4,6470.0,1,5,2,27,998,5,1,67.0,90.0,21.01,6011.111111111111
815,10,58,2022,5,2,3832.0,1,5,2,40,1298,5,2,99.0,160.0,20.0,12288.888888888889
816,9,43,2015,3,4,47060.0,1,5,2,35,998,5,2,67.04,90.0,23.1,5155.555555555556
817,4,23,2020,3,2,37489.0,1,5,2,45,998,6,1,118.35,171.6,18.27,11044.444444444443
818,4,15,2020,7,4,30169.0,1,5,2,40,1197,5,2,81.86,117.0,18.6,8988.888888888889
819,3,8,2015,13,1,53600.0,2,5,2,35,1198,5,1,86.9,109.0,18.0,6044.444444444444
820,9,54,2013,12,1,61796.0,1,5,1,42,1248,5,1,74.0,190.0,23.4,5977.777777777777
821,15,83,2016,5,1,26094.0,1,5,2,45,1198,5,2,73.75,110.0,17.0,6744.444444444444
822,9,44,2016,5,1,99144.0,1,5,2,43,1373,5,2,91.0,130.0,19.12,8377.777777777777
823,4,26,2017,13,1,49335.0,2,5,2,43,1197,5,1,81.86,113.75,20.14,6866.666666666667
824,9,42,2019,3,4,13197.0,1,5,2,37,1197,5,1,81.8,113.0,21.01,9044.444444444443
825,14,80,2011,12,4,50857.0,1,5,2,45,1197,5,1,80.0,104.0,17.71,4511.111111111111
826,4,23,2019,3,2,12156.0,1,5,2,45,998,6,1,118.35,171.6,18.27,11077.777777777776
827,4,18,2017,13,4,39525.0,2,5,2,43,1197,5,1,82.0,114.0,18.9,5811.111111111111
828,9,41,2019,11,4,27951.0,1,5,2,35,998,5,1,67.0,90.0,24.07,4722.222222222223
829,4,21,2021,12,4,25975.0,1,5,2,37,998,6,2,118.0,172.0,20.2,11400.0
830,4,27,2011,7,4,89303.0,1,5,2,35,1197,5,1,78.9,111.8,20.36,3922.222222222222
831,9,43,2015,12,4,24655.0,1,5,2,35,998,5,2,67.04,90.0,23.1,5444.444444444444
832,11,61,2017,7,2,54260.0,2,5,1,50,1461,5,1,84.0,200.0,19.87,9577.777777777776
833,9,46,2017,7,3,39484.0,1,5,2,40,1196,5,1,72.42,98.0,16.11,4722.222222222223
834,4,18,2015,7,4,32754.0,1,5,2,43,1197,5,1,82.0,114.0,18.9,6088.888888888889
835,4,18,2014,9,4,66963.0,1,5,2,43,1197,5,1,82.0,114.0,18.9,5166.666666666667
836,4,20,2018,1,4,33581.0,1,5,2,35,1086,5,1,68.07,99.07,20.3,5611.111111111111
837,8,34,2017,13,2,41060.0,1,7,1,60,2179,5,1,120.0,280.0,15.4,12955.555555555557
838,4,23,2020,3,2,49130.0,1,5,2,45,1798,6,1,118.35,171.6,18.27,12211.111111111111
839,9,40,2021,7,4,4773.0,1,5,2,35,796,5,1,47.3,69.0,22.05,5100.0
840,9,46,2021,12,3,14560.0,1,5,2,40,1197,5,1,72.42,98.0,16.11,5622.222222222223
841,11,61,2013,12,2,88547.0,1,5,1,50,1461,5,1,84.0,200.0,20.45,6866.666666666667
842,15,83,2016,5,1,46922.0,2,5,2,45,1198,5,2,73.75,110.0,17.0,6044.444444444444
843,4,27,2012,2,4,64378.0,1,5,2,35,1086,5,1,68.05,99.04,19.81,3711.1111111111113
844,9,42,2018,3,4,41244.0,1,5,2,37,1197,5,1,81.8,113.0,21.01,8488.888888888889
845,9,41,2011,2,4,60256.0,2,5,2,35,998,5,1,67.1,90.0,20.92,2722.222222222222
846,2,5,2011,15,4,84494.0,2,5,2,45,1196,5,1,71.0,102.0,11.0,3222.222222222222
847,9,47,2018,3,3,58025.0,1,7,1,45,1248,5,1,89.0,200.0,24.52,12122.222222222224
848,4,26,2015,13,1,89133.0,1,5,2,43,1197,5,1,81.0,114.0,19.1,5222.222222222223
849,11,63,2019,13,4,60983.0,1,5,2,28,999,5,1,67.0,91.0,23.01,4777.777777777777
850,3,8,2014,12,1,61881.0,2,5,2,35,1198,5,1,86.7,109.0,18.0,4777.777777777777
851,11,66,2021,13,3,32340.0,1,7,2,40,999,5,1,71.0,96.0,20.0,8322.222222222223
852,4,18,2017,12,4,37237.0,2,5,2,43,1197,5,2,81.86,113.75,18.9,5877.777777777777
853,9,42,2017,7,4,64528.0,1,5,1,37,1248,5,1,74.0,190.0,27.39,8022.222222222223
854,1,2,2015,13,4,73892.0,1,5,2,35,1798,5,1,67.05,104.0,19.02,3100.0
855,9,42,2015,7,4,68796.0,1,5,2,37,1197,5,1,81.8,113.0,21.01,6888.888888888889
856,8,37,2015,12,2,40438.0,1,7,1,70,2179,6,1,140.0,330.0,15.1,12555.555555555557
857,4,23,2020,11,2,12699.0,1,5,2,45,998,6,1,118.35,171.6,18.27,11588.888888888889
858,9,40,2018,7,4,23745.0,1,5,2,35,796,5,1,47.3,69.0,22.0,4455.555555555556
859,9,49,2016,12,3,38717.0,1,5,2,36,796,4,1,34.0,59.0,16.8,3722.222222222222
860,3,13,2019,11,2,73732.0,1,5,1,40,1498,6,1,97.89,200.0,23.7,10166.666666666666
861,11,63,2021,11,4,16742.0,1,5,2,28,1298,5,2,67.0,91.0,22.0,5866.666666666667
862,3,10,2017,5,1,65581.0,3,5,2,40,1497,5,2,117.6,145.0,17.4,8722.222222222223
863,4,15,2017,11,4,39427.0,1,5,2,45,1197,5,1,81.83,114.7,18.6,7777.777777777777
864,9,43,2014,13,4,52004.0,1,5,2,35,998,5,2,67.04,90.0,23.1,4877.777777777777
865,9,40,2013,11,4,40545.0,1,5,2,35,796,5,1,47.3,69.0,22.74,3544.4444444444443
866,9,52,2021,7,4,15836.0,1,5,2,27,998,5,1,67.0,90.0,21.7,5777.777777777777
867,9,46,2020,7,3,11212.0,1,5,2,40,1197,5,1,72.42,98.0,16.11,5544.444444444444
868,4,15,2015,13,4,52501.0,1,5,2,45,1197,5,1,81.83,114.7,18.6,7355.555555555556
869,11,62,2021,11,2,6052.0,1,5,2,40,1298,5,2,71.0,96.0,19.03,10400.0
870,9,45,2018,3,1,20326.0,1,5,2,37,1197,5,2,88.5,113.0,24.12,8188.888888888889
871,14,80,2011,11,4,50009.0,1,5,2,45,1596,5,2,79.0,104.0,17.71,4877.777777777777
872,14,80,2011,11,4,50009.0,1,5,2,45,1596,5,2,79.0,104.0,17.71,4877.777777777777
873,14,80,2011,11,4,50009.0,1,5,2,45,1496,5,1,79.0,104.0,17.71,4877.777777777777
874,14,80,2011,11,4,50009.0,1,5,2,45,1496,5,1,79.0,104.0,17.71,4877.777777777777
875,9,52,2021,7,4,15113.0,1,5,2,27,998,5,1,67.0,90.0,21.01,6033.333333333333
876,4,24,2014,13,1,50071.0,1,5,2,43,1591,5,2,121.0,158.0,17.01,7655.555555555556
877,9,46,2020,13,3,9832.0,1,5,2,40,1197,5,1,72.42,98.0,16.11,5500.0
878,2,7,2018,7,5,43273.0,1,5,2,42,1298,5,2,94.93,119.0,18.5,6855.555555555556
879,9,50,2014,12,4,44193.0,1,5,2,43,1197,5,1,85.0,113.0,18.5,5211.111111111111
880,4,26,2017,11,1,36208.0,1,5,2,43,1596,4,1,81.86,113.75,20.14,7433.333333333333
881,4,26,2017,11,1,36208.0,1,5,2,43,1596,4,1,81.86,113.75,20.14,7433.333333333333
882,4,26,2017,11,1,36208.0,1,5,2,43,1197,4,1,81.86,113.75,20.14,7433.333333333333
883,4,26,2017,11,1,36208.0,1,5,2,43,1197,4,1,81.86,113.75,20.14,7433.333333333333
884,4,29,2017,5,5,43613.0,1,5,2,45,1197,5,2,82.0,115.0,17.19,8355.555555555555
885,3,10,2018,5,1,46006.0,1,5,2,40,1196,5,2,117.6,145.0,18.0,12577.777777777776
886,4,29,2018,5,5,35015.0,2,5,2,45,1197,5,2,82.0,115.0,17.19,8444.444444444445
887,4,16,2017,13,4,55670.0,1,5,2,32,1798,5,1,55.2,74.5,21.1,4077.777777777778
888,4,18,2018,12,4,38961.0,1,5,2,43,1197,5,2,81.86,113.75,18.9,6311.111111111111
889,4,24,2020,3,1,41843.0,1,5,2,45,1497,5,2,113.0,144.0,18.4,16088.888888888889
890,4,18,2018,13,4,13846.0,2,5,2,43,1197,5,2,81.86,113.75,18.9,6433.333333333333
891,9,41,2019,9,4,16712.0,2,5,2,35,1798,5,1,67.1,90.0,23.95,5277.777777777777
892,2,4,2015,11,2,92474.0,2,5,1,52,1498,5,1,89.0,204.0,22.7,7055.555555555556
893,9,44,2014,2,1,44815.0,1,5,2,43,1373,5,1,91.0,130.0,20.73,7188.888888888889
894,3,10,2020,13,1,13209.0,1,5,2,40,1498,6,1,119.3,145.0,18.4,14600.0
895,4,16,2013,11,4,48721.0,1,5,2,32,814,5,1,55.2,74.5,21.1,3622.222222222222
896,8,34,2015,3,2,41651.0,1,7,1,60,2179,5,1,120.0,280.0,15.4,12522.222222222224
897,4,20,2019,3,4,8842.0,1,5,2,35,1086,5,1,68.07,99.07,20.3,6277.777777777777
898,15,83,2016,3,1,64313.0,1,5,2,45,1298,5,2,73.75,110.0,17.0,6144.444444444444
899,9,51,2016,5,2,52220.0,1,5,1,48,1248,5,2,89.0,200.0,23.65,9233.333333333334
900,2,6,2019,11,1,10370.0,1,5,2,42,1798,5,1,94.93,119.0,18.5,8622.222222222223
901,3,8,2016,5,1,60656.0,1,5,2,35,1198,5,1,86.7,109.0,18.0,5922.222222222223
902,9,40,2020,11,4,12433.0,1,5,2,35,796,5,1,47.3,69.0,22.05,4922.222222222223
903,15,85,2013,7,4,53735.0,1,5,2,45,1198,5,1,73.9,110.0,16.47,5822.222222222223
904,12,68,2014,11,1,46103.0,2,5,2,60,1798,7,2,158.0,250.0,13.1,14433.333333333334
905,9,40,2019,11,4,2174.0,1,5,2,35,796,5,1,47.3,69.0,22.05,4666.666666666667
906,15,85,2012,12,4,64878.0,1,5,2,45,1199,5,1,74.0,110.0,16.2,5000.0
907,4,14,2017,11,2,76978.0,1,5,2,60,1591,6,1,122.0,154.0,15.29,13466.666666666666
908,3,8,2018,13,1,33454.0,1,5,2,35,1199,5,1,88.76,110.0,18.6,8577.777777777777
909,13,70,2019,13,2,19589.0,1,5,1,50,1956,6,1,138.0,350.0,17.0,18877.777777777777
910,9,52,2021,12,4,17101.0,1,5,3,27,998,5,1,67.0,90.0,31.19,6800.0
911,9,47,2015,5,3,51844.0,1,7,1,45,1248,5,1,89.0,200.0,20.77,10122.222222222224
912,2,4,2016,11,2,91463.0,2,5,1,52,1498,5,1,99.0,205.0,22.7,7855.555555555556
913,4,14,2017,7,2,88895.0,2,5,1,60,1582,6,1,126.0,265.0,19.67,12200.0
914,0,0,2014,15,4,45080.0,1,5,2,35,1199,5,1,79.0,108.0,18.6,3722.222222222222
915,15,83,2016,7,1,81709.0,1,5,2,45,1198,5,2,73.75,110.0,17.0,6055.555555555556
916,10,59,2015,12,4,48656.0,1,5,2,41,1198,5,2,67.0,104.0,19.49,5277.777777777777
917,2,7,2019,11,5,17504.0,1,5,2,42,1298,5,2,94.93,119.0,18.5,7411.111111111111
918,13,71,2013,3,4,33744.0,1,4,2,15,624,4,1,35.0,48.0,18.4,2088.8888888888887
919,4,23,2019,3,2,18398.0,2,5,2,45,998,6,1,118.35,171.6,18.27,10077.777777777776
920,15,83,2017,5,1,41757.0,1,5,2,45,1198,5,2,73.75,110.0,17.0,6877.777777777777
921,4,29,2015,11,5,41086.0,1,5,1,45,1396,6,2,89.0,220.0,21.19,8311.111111111111
922,9,42,2019,12,4,25418.0,1,5,2,37,1197,5,1,81.8,113.0,21.01,8122.222222222223
923,9,41,2018,11,4,23606.0,1,5,2,35,998,5,1,67.0,90.0,24.07,4388.888888888889
924,11,66,2020,11,3,18798.0,1,7,2,40,999,5,1,71.0,96.0,20.0,8422.222222222223
925,9,52,2019,9,4,24105.0,1,5,2,27,998,5,1,67.0,90.0,21.01,5500.0
926,15,85,2018,12,4,26394.0,1,5,2,45,999,5,1,75.01,95.0,17.74,7766.666666666667
927,4,26,2017,12,1,22538.0,2,5,2,43,1596,4,1,81.86,113.75,20.14,7233.333333333333
928,4,26,2017,12,1,22538.0,2,5,2,43,1596,4,1,81.86,113.75,20.14,7233.333333333333
929,4,26,2017,12,1,22538.0,2,5,2,43,1197,4,1,81.86,113.75,20.14,7233.333333333333
930,4,26,2017,12,1,22538.0,2,5,2,43,1197,4,1,81.86,113.75,20.14,7233.333333333333
931,4,22,2012,11,4,34060.0,1,5,2,35,1086,5,1,62.1,96.1,17.92,3688.8888888888887
932,4,28,2011,13,4,46251.0,2,5,2,45,1197,5,1,80.0,112.0,18.5,4122.222222222223
933,2,7,2020,11,5,6886.0,1,5,2,42,1298,5,2,94.93,119.0,18.5,8366.666666666666
934,4,23,2020,13,2,26020.0,1,5,2,45,1798,6,1,118.35,171.6,18.27,12411.111111111111
935,4,16,2013,13,4,33440.0,1,5,2,32,814,5,1,55.2,74.5,21.1,3388.8888888888887
936,2,4,2019,7,2,11800.0,1,5,2,52,1496,5,2,120.69,149.0,15.9,10500.0
937,7,32,2019,13,2,7339.0,1,5,2,60,1451,6,2,141.0,250.0,13.96,19988.88888888889
938,9,42,2017,9,4,41465.0,2,5,2,37,1197,5,1,81.8,113.0,21.01,7566.666666666667
939,9,47,2013,7,3,67020.0,1,7,2,45,1373,5,1,93.7,130.0,16.02,7711.111111111111
940,9,49,2014,13,3,23885.0,1,8,2,36,796,4,1,34.0,59.0,16.8,3644.444444444444
941,13,70,2019,9,2,62300.0,1,5,1,50,1956,6,1,138.0,350.0,17.0,18722.222222222223
942,11,65,2014,2,1,34080.0,1,5,1,41,1461,5,1,85.0,200.0,21.64,6966.666666666667
943,2,4,2018,13,2,78061.0,1,5,2,52,1496,6,2,120.69,149.0,14.7,10388.888888888889
944,9,55,2017,13,2,28476.0,1,5,1,48,1248,5,2,89.0,200.0,24.3,10111.111111111111
945,9,55,2016,13,2,38729.0,1,5,1,48,1248,5,2,89.0,200.0,24.3,9000.0
946,9,48,2017,3,4,26203.0,1,5,2,32,1197,5,2,81.8,113.0,20.89,7222.222222222223
947,13,73,2018,11,2,35730.0,1,5,1,44,1497,6,2,108.5,260.0,21.05,10600.0
948,9,45,2018,7,1,16491.0,1,5,2,37,1197,5,2,88.5,113.0,23.26,8288.888888888889
949,4,24,2018,5,1,35623.0,2,5,2,43,1591,6,2,121.0,158.0,17.4,10700.0
950,9,53,2019,11,4,15508.0,1,5,2,37,1197,5,2,81.8,113.0,21.21,8711.111111111111
951,9,45,2017,7,1,34004.0,1,5,2,37,1197,5,2,88.5,113.0,23.26,8077.777777777777
952,9,55,2018,12,2,35042.0,1,5,1,48,1248,5,2,88.5,200.0,24.3,11900.0
953,4,24,2018,9,1,57046.0,1,5,2,43,1591,6,2,121.0,158.0,17.4,9977.777777777776
954,4,24,2019,13,1,22546.0,1,5,2,43,1591,6,2,121.0,158.0,17.4,11555.555555555557
955,9,55,2018,11,2,31570.0,1,5,1,48,1248,5,2,89.0,200.0,24.3,12800.0
956,3,11,2015,13,4,49536.0,1,5,2,40,1199,5,2,88.76,110.0,19.0,6622.222222222223
957,9,55,2017,3,2,53719.0,1,5,1,48,1248,5,2,89.0,200.0,24.3,9388.888888888889
958,9,53,2021,11,4,10303.0,1,5,2,37,1197,5,2,81.8,113.0,21.21,9066.666666666666
959,9,53,2020,11,4,27437.0,1,5,2,37,1197,5,2,81.8,113.0,21.21,8777.777777777777
960,11,60,2018,5,2,6603.0,1,5,2,50,1498,5,2,105.0,142.0,13.87,11811.111111111111
961,11,60,2017,5,2,16556.0,2,5,2,50,1498,5,2,105.0,142.0,13.87,9311.111111111111
962,9,48,2018,12,4,25626.0,1,5,2,32,1197,5,2,81.8,113.0,20.89,7366.666666666667
963,9,53,2021,3,4,9384.0,1,5,2,42,1197,5,2,85.8,114.0,18.6,6555.555555555556
964,9,53,2020,7,4,6104.0,1,5,2,37,1197,5,2,81.8,113.0,21.21,9311.111111111111
965,9,53,2019,7,4,21992.0,2,5,2,37,1197,5,2,81.8,113.0,21.21,9211.111111111111
966,11,60,2018,9,2,54137.0,1,5,2,50,1498,5,2,105.0,142.0,13.87,8877.777777777777
967,9,45,2017,3,1,33258.0,1,5,2,37,1197,5,2,88.5,113.0,23.26,8022.222222222223
968,4,24,2018,13,1,23869.0,1,5,2,43,1591,6,2,121.0,158.0,17.4,10622.222222222224
969,4,24,2019,13,1,14831.0,1,5,2,43,1591,6,2,121.0,158.0,17.4,11411.111111111111
970,4,24,2014,12,1,52846.0,1,5,2,43,1591,4,2,121.0,158.0,17.01,8177.777777777777
971,2,7,2020,13,5,28335.0,2,5,1,42,1499,5,2,98.96,215.0,18.5,8322.222222222223
972,9,48,2018,12,4,41176.0,1,5,2,32,1197,5,2,81.8,113.0,20.89,7677.777777777777
